date,actual_inflation,model_forecast,naive_forecast,model_error,naive_error
1981-06-30,9.874953898447243,11.061971996042091,11.266337396333128,-1.1870180975948479,-1.3913834978858848
1981-09-30,10.852520378653688,9.600983293975933,9.874953898447243,1.2515370846777554,0.9775664802064448
1981-12-31,9.587674308185493,10.639334042392944,10.852520378653688,-1.0516597342074512,-1.2648460704681952
1982-03-31,7.585130981360822,9.086319902021174,9.587674308185493,-1.5011889206603515,-2.0025433268246706
1982-06-30,6.905340793829332,6.809281724941147,7.585130981360822,0.09605906888818527,-0.6797901875314905
1982-09-30,5.821197876248388,5.953295924664941,6.905340793829332,-0.1320980484165526,-1.0841429175809436
1982-12-31,4.445149725547762,4.70888307436817,5.821197876248388,-0.26373334882040833,-1.3760481507006261
1983-03-31,3.5942002398296147,3.0599470328354132,4.445149725547762,0.5342532069942014,-0.8509494857181474
1983-06-30,3.305103755702003,2.359741188609422,3.5942002398296147,0.9453625670925812,-0.2890964841276116
1983-09-30,2.5263452571538503,2.2371008997480955,3.305103755702003,0.2892443574057548,-0.7787584985481528
1983-12-31,3.234220753930302,1.682715576265708,2.5263452571538503,1.5515051776645938,0.7078754967764516
1984-03-31,4.625645280806008,2.692541700171428,3.234220753930302,1.9331035806345804,1.3914245268757064
1984-06-30,4.405096341402204,4.294642497839517,4.625645280806008,0.11045384356268695,-0.2205489394038045
1984-09-30,4.295730018689888,4.170649600740093,4.405096341402204,0.1250804179497944,-0.10936632271231606
1984-12-31,4.154522730475711,4.0625605680920085,4.295730018689888,0.09196216238370258,-0.1412072882141766
1985-03-31,3.6407600754840836,3.9510211584857142,4.154522730475711,-0.3102610830016306,-0.5137626549916274
1985-06-30,3.607032131397444,3.449004954906313,3.6407600754840836,0.15802717649113074,-0.033727944086639816
1985-09-30,3.352692375295533,3.4017661472580896,3.607032131397444,-0.04907377196255647,-0.25433975610191073
1985-12-31,3.513417882290478,3.168263658323778,3.352692375295533,0.3451542239666998,0.16072550699494492
1986-03-31,3.108520937391179,3.3670400615949316,3.513417882290478,-0.2585191242037528,-0.40489694489929917
1986-06-30,1.6784437949353432,2.9594738089678096,3.108520937391179,-1.2810300140324664,-1.4300771424558356
1986-09-30,1.6681579718071122,1.4851970704311626,1.6784437949353432,0.18296090137594967,-0.010285823128231009
1986-12-31,1.346146186031542,1.5210425759850121,1.6681579718071122,-0.17489638995347012,-0.3220117857755702
1987-03-31,2.040206267080813,1.2238570773965423,1.346146186031542,0.8163491896842707,0.694060081049271
1987-06-30,3.699097461524614,1.9787811909095212,2.040206267080813,1.720316270615093,1.6588911944438012
1987-09-30,4.162663026626631,3.7135872223484463,3.699097461524614,0.4490758042781846,0.46356556510201674
1987-12-31,4.405610783182734,4.228891979738469,4.162663026626631,0.17671880344426505,0.24294775655610312
1988-03-31,3.9657684219989093,4.502317668471353,4.405610783182734,-0.5365492464724433,-0.4398423611838247
1988-06-30,3.979986700878772,4.089247266831484,3.9657684219989093,-0.10926056595271216,0.014218278879862822
1988-09-30,4.142289572369573,4.148573709749056,3.979986700878772,-0.006284137379482857,0.1623028714908008
1988-12-31,4.3062449303434756,4.305153550730898,4.142289572369573,0.0010913796125775477,0.1639553579739026
1989-03-31,4.6742075173991315,4.491747958843247,4.3062449303434756,0.1824595585558848,0.367962587055656
1989-06-30,5.16007232097911,4.881197453465727,4.6742075173991315,0.278874867513383,0.48586480357997885
1989-09-30,4.706762107416984,5.3522603662519534,5.16007232097911,-0.6454982588349694,-0.4533102135621263
1989-12-31,4.62726245901192,4.895696252423753,4.706762107416984,-0.26843379341183304,-0.07949964840506407
1990-03-31,5.232831190776925,4.78307393186479,4.62726245901192,0.44975725891213525,0.6055687317650049
1990-06-30,4.5835556718683,5.394384081075488,5.232831190776925,-0.810828409207188,-0.6492755189086248
1990-09-30,5.563986716095148,4.7369242831009295,4.5835556718683,0.8270624329942189,0.9804310442268482
1990-12-31,6.276642343789729,5.628476822144273,5.563986716095148,0.6481655216454563,0.7126556276945806
1991-03-31,5.260236559631637,6.23996995876814,6.276642343789729,-0.9797333991365029,-1.016405784158092
1991-06-30,4.846902272359806,5.128229755822978,5.260236559631637,-0.2813274834631718,-0.4133342872718311
1991-09-30,3.854478201437598,4.665438516098231,4.846902272359806,-0.8109603146606328,-0.9924240709222079
1991-12-31,2.965256194834017,3.6685942129027347,3.854478201437598,-0.7033380180687177,-0.889222006603581
1992-03-31,2.8938359559324005,2.7283050430368716,2.965256194834017,0.1655309128955289,-0.07142023890161653
1992-06-30,3.073710745857028,2.599074187110403,2.8938359559324005,0.4746365587466248,0.17987478992462735
1992-09-30,3.0748310601753723,2.73230233809986,3.073710745857028,0.34252872207551244,0.001120314318344473
1992-12-31,3.1223542430255975,2.7309094058751944,3.0748310601753723,0.3914448371504031,0.047523182850225165
1993-03-31,3.173319946081321,2.839778870069524,3.1223542430255975,0.33354107601179717,0.050965703055723566
1993-06-30,3.125143812652253,2.939711294199473,3.173319946081321,0.18543251845277986,-0.04817613342906801
1993-09-30,2.817293781669387,2.905519387540812,3.125143812652253,-0.08822560587142503,-0.30785003098286623
1993-12-31,2.7692674756749853,2.653549491743248,2.817293781669387,0.11571798393173749,-0.0480263059944015
1994-03-31,2.5394943820659766,2.638834497679197,2.7692674756749853,-0.09934011561322054,-0.22977309360900877
1994-06-30,2.382561899555561,2.4217355416548108,2.5394943820659766,-0.03917364209924967,-0.15693248251041547
1994-09-30,2.855010555094472,2.3395796430046616,2.382561899555561,0.5154309120898106,0.47244865553891113
1994-12-31,2.603344144440034,2.847033290936332,2.855010555094472,-0.24368914649629803,-0.2516664106544382
1995-03-31,2.840339553572931,2.6697765996455836,2.603344144440034,0.17056295392734766,0.23699540913289718
1995-06-30,3.095413472227001,2.9346588744723188,2.840339553572931,0.16075459775468204,0.2550739186540696
1995-09-30,2.6642831094231934,3.1407176007150923,3.095413472227001,-0.47643449129189896,-0.43113036280380745
1995-12-31,2.6264758134387334,2.709437613643833,2.6642831094231934,-0.08296180020509958,-0.037807295984459977
1996-03-31,2.783881388262851,2.688462995025759,2.6264758134387334,0.09541839323709178,0.15740557482411743
1996-06-30,2.827094774662779,2.8470594571563526,2.783881388262851,-0.019964682493573527,0.04321338639992822
1996-09-30,2.900074323344389,2.8925543349704923,2.827094774662779,0.00751998837389678,0.07297954868161005
1996-12-31,3.231265700211187,3.009286658936132,2.900074323344389,0.22197904127505508,0.3311913768667978
1997-03-31,2.9452232362230752,3.318867500454049,3.231265700211187,-0.37364426423097363,-0.2860424639881116
1997-06-30,2.3019186506632927,3.0526136198419396,2.9452232362230752,-0.7506949691786469,-0.6433045855597825
1997-09-30,2.225028454311606,2.459263940190113,2.3019186506632927,-0.23423548587850673,-0.07689019635168659
1997-12-31,1.8911240605164286,2.4056634917336295,2.225028454311606,-0.5145394312172009,-0.33390439379517756
1998-03-31,1.4826793214697487,2.109560249516488,1.8911240605164286,-0.6268809280467393,-0.4084447390466799
1998-06-30,1.5833085441197214,1.702879649776061,1.4826793214697487,-0.11957110565633955,0.10062922264997276
1998-09-30,1.5964501135180627,1.8453191274346974,1.5833085441197214,-0.24886901391663474,0.013141569398341213
1998-12-31,1.525740097731772,1.8246992753512168,1.5964501135180627,-0.2989591776194447,-0.07071001578629055
1999-03-31,1.6872427983539051,1.7685935747567554,1.525740097731772,-0.08135077640285027,0.161502700622133
1999-06-30,2.112585759261313,1.9514981004899217,1.6872427983539051,0.16108765877139142,0.425342960907408
1999-09-30,2.3463197156808078,2.377973608760103,2.112585759261313,-0.03165389307929534,0.23373395641949468
1999-12-31,2.6197635342648296,2.6128169302726674,2.3463197156808078,0.006946603992162181,0.2734438185840218
2000-03-31,3.257688294692914,2.9145487155503225,2.6197635342648296,0.3431395791425915,0.6379247604280844
2000-06-30,3.29377788429183,3.5528322241125636,3.257688294692914,-0.25905433982073367,0.03608958959891595
2000-09-30,3.4690208756786856,3.6040030159860854,3.29377788429183,-0.13498214030739986,0.17524299138685562
2000-12-31,3.4435088887033207,3.759973810515607,3.4690208756786856,-0.31646492181228636,-0.02551198697536483
2001-03-31,3.4110242888877838,3.7498667916609247,3.4435088887033207,-0.338842502773141,-0.032484599815536974
2001-06-30,3.325100304470478,3.6455561095345463,3.4110242888877838,-0.32045580506406823,-0.08592398441730564
2001-09-30,2.678376859083668,3.5232527443866624,3.325100304470478,-0.8448758853029945,-0.6467234453868103
2001-12-31,1.8752331260311284,2.7910846988792684,2.678376859083668,-0.91585157284814,-0.8031437330525395
2002-03-31,1.2317084729315624,1.8581287978495915,1.8752331260311284,-0.6264203249180291,-0.643524653099566
2002-06-30,1.3180144852859972,1.1744060033505654,1.2317084729315624,0.14360848193543174,0.0863060123544348
2002-09-30,1.576360012077882,1.2347090059024612,1.3180144852859972,0.34165100617542077,0.2583455267918848
2002-12-31,2.2536062429198,1.513657621434968,1.576360012077882,0.7399486214848319,0.6772462308419178
2003-03-31,2.9762446289777866,2.1644154643674876,2.2536062429198,0.8118291646102991,0.7226383860579868
2003-06-30,2.006016987171836,2.884351787380386,2.9762446289777866,-0.8783348002085498,-0.9702276418059506
2003-09-30,2.2166468738735956,1.8676104321491458,2.006016987171836,0.3490364417244498,0.21062988670175953
2003-12-31,2.0018402602853147,2.0791690263424583,2.2166468738735956,-0.07732876605714356,-0.2148066135882809
2004-03-31,1.8182720844726645,1.924157701523021,2.0018402602853147,-0.10588561705035637,-0.18356817581265017
2004-06-30,2.7860008993731236,1.7675110210101168,1.8182720844726645,1.0184898783630068,0.967728814900459
2004-09-30,2.675389628735969,2.7496589203785606,2.7860008993731236,-0.07426929164259155,-0.11061127063715448
2004-12-31,3.384951229497483,2.6719789088413455,2.675389628735969,0.7129723206561374,0.7095616007615138
2005-03-31,3.0349137886791717,3.374829651765351,3.384951229497483,-0.3399158630861794,-0.3500374408183111
2005-06-30,2.924035982051199,3.0538841277273043,3.0349137886791717,-0.12984814567610536,-0.11087780662797275
2005-09-30,3.818642734175293,2.9822285585581123,2.924035982051199,0.8364141756171808,0.8946067521240941
2005-12-31,3.6757348188830137,3.8926002918317093,3.818642734175293,-0.21686547294869563,-0.14290791529227942
2006-03-31,3.6916536531380166,3.750935478060613,3.6757348188830137,-0.05928182492259637,0.015918834255002956
2006-06-30,3.9242776239420594,3.811022266933444,3.6916536531380166,0.11325535700861522,0.23262397080404273
2006-09-30,3.3477698577253583,4.059658518746512,3.9242776239420594,-0.7118886610211539,-0.5765077662167011
2006-12-31,1.9663363141878702,3.488530248217411,3.3477698577253583,-1.5221939340295407,-1.381433543537488
2007-03-31,2.431407752138126,2.1568586216519456,1.9663363141878702,0.27454913048618046,0.46507143795025585
2007-06-30,2.6651918733250644,2.6046205346367364,2.431407752138126,0.06057133868832798,0.23378412118693825
2007-09-30,2.3497218317923174,2.8352130423152184,2.6651918733250644,-0.485491210522901,-0.31547004153274694
2007-12-31,4.030926361559224,2.489839905199809,2.3497218317923174,1.5410864563594155,1.681204529766907
2008-03-31,4.137519491970795,4.128195504898823,4.030926361559224,0.009323987071971906,0.10659313041157059
2008-06-30,4.30938030168689,4.195105598995245,4.137519491970795,0.11427470269164441,0.17186080971609474
2008-09-30,5.252949705189717,4.301285900133791,4.30938030168689,0.9516638050559267,0.9435694035028277
2008-12-31,1.6029157860064462,5.10645095787228,5.252949705189717,-3.503535171865834,-3.6500339191832714
2009-03-31,-0.18386721533766673,1.331658265326477,1.6029157860064462,-1.5155254806641438,-1.786783001344113
2009-06-30,-0.9404201794809312,-0.7429061285955572,-0.18386721533766673,-0.197514050885374,-0.7565529641432645
2009-09-30,-1.606846477658504,-1.7118424223142634,-0.9404201794809312,0.10499594465575934,-0.6664262981775729
2009-12-31,1.5015806678263186,-2.4289238574112293,-1.606846477658504,3.9305045252375477,3.1084271454848227
2010-03-31,2.352873062057078,0.8437365185911103,1.5015806678263186,1.5091365434659676,0.8512923942307593
2010-06-30,1.7772934252725452,1.7779839422522392,2.352873062057078,-0.0006905169796940225,-0.5755796367845327
2010-09-30,1.2030894224088466,1.249163648982925,1.7772934252725452,-0.046074226574078336,-0.5742040028636985
2010-12-31,1.2296776492499124,0.714539321056729,1.2030894224088466,0.5151383281931834,0.026588226841065765
2011-03-31,2.1483077250634106,0.7591397173904655,1.2296776492499124,1.3891680076729451,0.9186300758134982
2011-06-30,3.346174825439803,1.7653083848968345,2.1483077250634106,1.5808664405429687,1.1978671003763925
2011-09-30,3.71583290017546,2.9678679776318724,3.346174825439803,0.7479649225435878,0.36965807473565704
2011-12-31,3.3452557278883894,3.3540041645147,3.71583290017546,-0.008748436626310419,-0.37057717228707077
2012-03-31,2.829940020554996,3.0352456990463574,3.3452557278883894,-0.2053056784913614,-0.5153157073333934
2012-06-30,1.8883255866328552,2.572604770121228,2.829940020554996,-0.6842791834883726,-0.9416144339221408
2012-09-30,1.6843877645368543,1.6577772878794064,1.8883255866328552,0.02661047665744798,-0.20393782209600086
2012-12-31,1.903734247539705,1.479067135556469,1.6843877645368543,0.4246671119832359,0.21934648300285065
2013-03-31,1.7403164978267993,1.7225502189262727,1.903734247539705,0.017766278900526622,-0.16341774971290568
2013-06-30,1.4149968008844827,1.5711374638276145,1.7403164978267993,-0.1561406629431319,-0.32531969694231666
2013-09-30,1.5063384673969615,1.2756144497164026,1.4149968008844827,0.23072401768055895,0.09134166651247888
2013-12-31,1.2075025688146408,1.3980431743553399,1.5063384673969615,-0.19054060554069907,-0.29883589858232074
2014-03-31,1.4303094480960714,1.1388595955255714,1.2075025688146408,0.29144985257050005,0.22280687928143061
2014-06-30,2.0803515617601334,1.3838640436303327,1.4303094480960714,0.6964875181298007,0.650042113664062
2014-09-30,1.791129063250237,2.0641146987583117,2.0803515617601334,-0.27298563550807464,-0.28922249850989634
2014-12-31,1.1647293611448155,1.7962832091085543,1.791129063250237,-0.6315538479637388,-0.6263997021054215
2015-03-31,-0.11299790852150234,1.2265230713832138,1.1647293611448155,-1.339520979904716,-1.2777272696663178
2015-06-30,0.03685801286847923,-0.001167573132188432,-0.11299790852150234,0.03802558600066766,0.14985592138998155
2015-09-30,0.15861095706986758,0.15243517223203853,0.03685801286847923,0.006175784837829046,0.12175294420138835
2015-12-31,0.40088650970850165,0.30411094674914746,0.15861095706986758,0.09677556295935419,0.24227555263863407
2016-03-31,0.992132059419748,0.5438098997688807,0.40088650970850165,0.4483221596508673,0.5912455497112463
2016-06-30,1.110129582424683,1.1305238108076665,0.992132059419748,-0.020394228382983437,0.11799752300493505
2016-09-30,1.1574412742609101,1.2381078140421127,1.110129582424683,-0.08066653978120253,0.04731169183622708
2016-12-31,1.8070191165781753,1.284535859803729,1.1574412742609101,0.5224832567744462,0.6495778423172651
2017-03-31,2.587317088715224,1.9266350490483342,1.8070191165781753,0.66068203966689,0.7802979721370489
2017-06-30,1.8910441495454993,2.7015749640693927,2.587317088715224,-0.8105308145238934,-0.6962729391697249
2017-09-30,1.9445980461082553,2.047324024923819,1.8910441495454993,-0.10272597881556389,0.053553896562756
2017-12-31,2.1077274456601014,2.100029309821458,1.9445980461082553,0.007698135838643427,0.16312939955184613
2018-03-31,2.2485791879352477,2.273731574195781,2.1077274456601014,-0.025152386260533177,0.1408517422751463
2018-06-30,2.686822867847271,2.42220943247683,2.2485791879352477,0.26461343537044124,0.4382436799120235
2018-09-30,2.609701249415005,2.8553785520483093,2.686822867847271,-0.24567730263330434,-0.07712161843226628
2018-12-31,2.213913984075311,2.7964901650998706,2.609701249415005,-0.5825761810245598,-0.3957872653396941
2019-03-31,1.6298790814225732,2.402648685607577,2.213913984075311,-0.7727696041850038,-0.5840349026527376
2019-06-30,1.8225629733199078,1.8293078537720073,1.6298790814225732,-0.006744880452099533,0.1926838918973346
2019-09-30,1.7494900832476217,2.0388592975667015,1.8225629733199078,-0.2893692143190798,-0.07307289007228612
2019-12-31,2.048597188147997,1.9684239122758647,1.7494900832476217,0.08017327587213252,0.2991071049003755
2020-03-31,2.145041540298546,2.256688277881303,2.048597188147997,-0.111646737582757,0.0964443521505487
2020-06-30,0.4093016269363388,2.323286362284702,2.145041540298546,-1.9139847353483634,-1.7357399133622071
2020-09-30,1.2229858344598554,-0.3033447552490749,0.4093016269363388,1.5263305897089303,0.8136842075235167
2020-12-31,1.2421835627618967,0.9937327375071132,1.2229858344598554,0.24845082525478346,0.01919772830204125
2021-03-31,1.903826424978372,1.1852774456308417,1.2421835627618967,0.7185489793475304,0.6616428622164754
2021-06-30,4.782322275059399,1.8730110428177338,1.903826424978372,2.909311232241665,2.878495850081027
2021-09-30,5.249466758017444,4.681270483634966,4.782322275059399,0.568196274382478,0.46714448295804534
2021-12-31,6.770451026354821,5.197357867166748,5.249466758017444,1.5730931591880726,1.5209842683373767
2022-03-31,8.022763153166501,6.734367692335106,6.770451026354821,1.2883954608313948,1.2523121268116801
2022-06-30,8.583094356508363,7.975464232287854,8.022763153166501,0.6076301242205089,0.5603312033418621
2022-09-30,8.292420934124914,8.542418216136248,8.583094356508363,-0.24999728201133387,-0.29067342238344906
2022-12-31,7.0954236055280475,8.265186665054385,8.292420934124914,-1.1697630595263373,-1.1969973285968667
2023-03-31,5.734239539662382,7.092575736461368,7.0954236055280475,-1.3583361967989864,-1.3611840658656655
2023-06-30,4.050849394502169,5.7729847752422225,5.734239539662382,-1.7221353807400535,-1.683390145160213
2023-09-30,3.56582023668428,4.145516441118583,4.050849394502169,-0.579696204434303,-0.4850291578178889
2023-12-31,3.2335073757208863,3.6699685772232447,3.56582023668428,-0.43646120150235834,-0.33231286096339385
2024-03-31,3.2440840134059754,3.3375470030110073,3.2335073757208863,-0.09346298960503185,0.010576637685089096
2024-06-30,3.1917772196232925,3.3447290882435508,3.2440840134059754,-0.15295186862025822,-0.05230679378268288
2024-09-30,2.6583677719306698,3.2847841535448095,3.1917772196232925,-0.6264163816141397,-0.5334094476926228
2024-12-31,2.7230024942220523,2.7568393621696368,2.6583677719306698,-0.03383686794758445,0.06463472229138256
2025-03-31,2.7248477394889483,2.8204704167885373,2.7230024942220523,-0.09562267729958895,0.0018452452668960007
2025-06-30,2.461035734512048,2.8214136881924072,2.7248477394889483,-0.3603779536803593,-0.2638120049769004
2025-09-30,2.9012604599706933,2.562073641477971,2.461035734512048,0.33918681849272225,0.4402247254586453
2025-12-31,2.674874015525852,2.9773684727914054,2.9012604599706933,-0.30249445726555324,-0.22638644444484113
