date,real_gdp,real_investment,real_consumption,cpi_inflation_yoy,pce_inflation_yoy,unemployment_rate,participation_rate,nominal_wage_growth_yoy,federal_funds_rate,real_gdp_growth_yoy,real_investment_growth_yoy,real_consumption_growth_yoy
1960-03-31,3517.181,,2114.532,,,5.133333333333334,58.9,,3.9333333333333336,,,
1960-06-30,3498.246,,2141.205,,,5.233333333333333,59.56666666666666,,3.6966666666666668,,,
1960-09-30,3515.385,,2132.646,,,5.533333333333334,59.56666666666666,,2.936666666666667,,,
1960-12-31,3470.278,,2135.408,,,6.266666666666666,59.63333333333333,,2.296666666666667,,,
1961-03-31,3493.703,,2134.615,1.5081492791054159,1.533377905994926,6.8,59.63333333333333,,2.0033333333333334,-0.6675232238545603,,0.9497609873011958
1961-06-30,3553.021,,2166.382,0.8679556967939354,0.9947492658750464,7.0,59.46666666666667,,1.7333333333333334,1.5657846818091237,,1.1758332340901623
1961-09-30,3621.252,,2176.916,1.2053937510250412,0.9781869066419979,6.766666666666667,59.199999999999996,,1.6833333333333333,3.0115335873595495,,2.075825054884861
1961-12-31,3692.289,,2220.704,0.7052055720092895,0.6438094974339226,6.2,59.0,,2.4,6.397498989994466,,3.994365479571127
1962-03-31,3758.147,,2244.227,0.8936550491510283,0.8912053627934199,5.633333333333333,58.9,,2.4566666666666666,7.569160858836588,,5.134977501797744
1962-06-30,3792.149,,2271.817,1.3074201848525924,1.2614833730807407,5.533333333333334,58.800000000000004,,2.606666666666667,6.730272632782075,,4.86687020110026
1962-09-30,3838.776,,2290.126,1.201974478646924,1.167790953466737,5.566666666666666,58.833333333333336,,2.8466666666666662,6.0068727611334305,,5.200476270099541
1962-12-31,3851.421,,2322.53,1.300455996544625,1.3678050503243517,5.533333333333334,58.53333333333333,,2.9233333333333333,4.3098468185995165,,4.58530267879016
1963-03-31,3893.482,,2338.799,1.2291109511422056,1.220916204707619,5.766666666666667,58.6,,2.966666666666667,3.601109802250946,,4.21401221890656
1963-06-30,3937.183,,2360.869,1.036888605160698,1.020932942755907,5.733333333333333,58.699999999999996,,2.9633333333333334,3.824586006509767,,3.9198579815187706
1963-09-30,4023.755,,2392.896,1.3645447889017264,1.2410119978913725,5.5,58.63333333333333,,3.33,4.818697418135365,,4.487526013852516
1963-12-31,4050.147,,2412.836,1.3934606100504787,1.3033872855956696,5.566666666666666,58.699999999999996,,3.453333333333333,5.159809846807195,,3.8882597856647605
1964-03-31,4135.553,,2460.191,1.4875702296923254,1.491297655659533,5.466666666666666,58.699999999999996,,3.4633333333333334,6.217339646105979,,5.190356246945549
1964-06-30,4180.592,,2503.709,1.463078592733839,1.553578296317119,5.2,58.96666666666667,,3.49,6.182313598326505,,6.050314524016365
1964-09-30,4245.918,,2549.958,1.0742511911006207,1.3948664250230152,5.0,58.63333333333333,,3.456666666666667,5.521285465939152,,6.563678488325442
1964-12-31,4259.046,,2557.236,1.2661498690505295,1.354669015103512,4.966666666666666,58.56666666666666,,3.5766666666666667,5.157812790498717,,5.984658716962121
1965-03-31,4362.111,,2614.265,1.1639292254741251,1.20671711668144,4.8999999999999995,58.666666666666664,,3.9766666666666666,5.478300000024183,,6.262684482627567
1965-06-30,4417.225,,2643.097,1.6460472814456617,1.4968187098210646,4.666666666666667,58.86666666666667,,4.079999999999999,5.660274908434038,,5.567260412452102
1965-09-30,4515.427,,2688.512,1.7176815357512254,1.5431076779876356,4.366666666666667,58.9,,4.076666666666667,6.347484807761239,,5.433579690332158
1965-12-31,4619.458,,2764.094,1.7844331692295305,1.5154648998358426,4.1000000000000005,58.9,,4.166666666666667,8.46227065873435,,8.089124351448218
1966-03-31,4731.888,,2804.899,2.4181227626929016,1.9708343045783245,3.8666666666666667,58.86666666666667,,4.56,8.477019498128314,,7.292068707648225
1966-06-30,4748.046,,2812.086,2.689222098095153,2.2839917531070064,3.8333333333333335,59.03333333333333,,4.913333333333333,7.489340026826796,,6.393598116149324
1966-09-30,4788.254,,2844.198,3.2717083426005398,2.6833407291090516,3.766666666666667,59.23333333333333,,5.41,6.042108531485502,,5.790786873928755
1966-12-31,4827.537,,2856.047,3.5700073192116655,3.1624331002820654,3.6999999999999997,59.46666666666667,,5.5633333333333335,4.504402897482795,,3.326695835959259
1967-03-31,4870.299,,2872.504,2.8718317016550365,2.665209484645629,3.8333333333333335,59.300000000000004,,4.823333333333333,2.925069232407873,,2.410247213892558
1967-06-30,4873.287,,2911.776,2.566641744275233,2.321549674392931,3.8333333333333335,59.43333333333334,,3.9899999999999998,2.637737713577337,,3.545055165453692
1967-09-30,4919.392,,2926.685,2.708789935620248,2.486157241806349,3.7999999999999994,59.666666666666664,,3.893333333333333,2.7387436004856935,,2.900184867579547
1967-12-31,4956.477,,2944.594,2.9901297481070395,2.5776777633053674,3.9,59.86666666666667,,4.173333333333333,2.6709272243796267,,3.100334133156779
1968-03-31,5057.553,,3015.162,3.741057996377147,3.370100382781286,3.733333333333333,59.46666666666667,,4.79,3.8448152772550426,,4.966329028610583
1968-06-30,5142.033,,3061.075,4.1204346340298015,3.932458869570676,3.5666666666666664,59.800000000000004,,5.983333333333333,5.514676233925897,,5.127420515863856
1968-09-30,5181.859,,3118.445,4.477638539552024,4.043398274867083,3.533333333333333,59.63333333333333,,5.946666666666666,5.335354450306062,,6.552122965061158
1968-12-31,5202.212,,3132.511,4.626145198238429,4.294922721750671,3.4,59.6,,5.916666666666667,4.9578561546840705,,6.381762647074596
1969-03-31,5283.597,,3167.245,4.872752698538359,4.1991694164381945,3.4,59.833333333333336,,6.566666666666666,4.469434131486105,,5.043941254234441
1969-06-30,5299.625,,3187.677,5.502002171177208,4.456868444403576,3.4333333333333336,59.96666666666667,,8.326666666666666,3.064780019887059,,4.135867301519891
1969-09-30,5334.6,,3203.218,5.523567733691892,4.65202445228811,3.5666666666666664,60.23333333333333,,8.983333333333333,2.947610114439625,,2.718438195959827
1969-12-31,5308.556,,3228.82,5.832267391309435,4.704263345867562,3.5666666666666664,60.26666666666667,,8.94,2.0442073487201062,,3.0744983816497484
1970-03-31,5300.652,,3248.853,6.2270762723552435,4.898634102309973,4.166666666666667,60.46666666666667,,8.573333333333332,0.3227914619529093,,2.5766241639026966
1970-06-30,5308.164,,3263.571,6.03849702210358,4.725522853114946,4.766666666666667,60.36666666666667,,7.886666666666667,0.1611246078731865,,2.3808560277593926
1970-09-30,5357.077,,3292.183,5.6859853360633705,4.464413654152318,5.166666666666667,60.300000000000004,,6.706666666666667,0.42134368087578533,,2.777363264067567
1970-12-31,5299.672,,3283.245,5.600106195613264,4.6129337592755615,5.833333333333333,60.4,,5.566666666666666,-0.16735247777361906,,1.68560031218834
1971-03-31,5443.619,,3346.268,4.813365533783435,4.39378069020476,5.933333333333334,60.166666666666664,,3.856666666666667,2.697158764619889,,2.9984428350559478
1971-06-30,5473.059,,3377.022,4.313810844177812,4.428490233637383,5.900000000000001,60.03333333333333,,4.566666666666666,3.1064413232145816,,3.4762841071942274
1971-09-30,5518.072,,3403.947,4.270262320207234,4.438582758691704,6.033333333333334,60.13333333333333,,5.476666666666667,3.005276944871249,,3.3948295097812053
1971-12-31,5531.032,,3460.427,3.5362639308765895,3.7384229157645312,5.933333333333334,60.300000000000004,,4.75,4.365553188952087,,5.3965512777754965
1972-03-31,5632.649,238517.0,3506.098,3.5058479532163793,3.850924905250482,5.766666666666667,60.300000000000004,,3.546666666666667,3.4725060662768703,,4.776365790187764
1972-06-30,5760.47,241354.8,3572.842,3.226680411674924,3.273975228784868,5.7,60.4,,4.3,5.251377703035898,,5.798600068344251
1972-09-30,5814.854,240893.8,3627.904,3.0301141609458,3.168913748214019,5.566666666666666,60.46666666666667,,4.743333333333333,5.378364037294192,,6.579332756943623
1972-12-31,5912.22,251181.0,3713.038,3.333148095994735,3.368487623820004,5.366666666666667,60.36666666666667,,5.1466666666666665,6.891806086097496,,7.2999950584133
1973-03-31,6058.544,261521.0,3780.829,4.112142957647391,3.5208687242554917,4.933333333333334,60.43333333333334,,6.536666666666666,7.561184799549903,9.644595563418967,7.835804931864443
1973-06-30,6124.506,261729.8,3779.125,5.608418270017908,4.904755324424233,4.933333333333334,60.76666666666667,,7.816666666666666,6.319553786409782,8.441928646125962,5.773639024619603
1973-09-30,6092.301,259512.8,3792.426,6.834538413634971,5.8823074861060825,4.8,60.800000000000004,,10.56,4.7713493752379765,7.729132090572688,4.534905002998979
1973-12-31,6150.131,257968.0,3781.115,8.417588496545,7.177952675777181,4.766666666666667,61.1,,9.996666666666666,4.024055261813664,2.702035583901652,1.8334582086151574
1974-03-31,6097.258,255671.0,3747.286,9.913374128075334,9.047827828320594,5.133333333333333,61.333333333333336,,9.323333333333332,0.6389984128199799,-2.2369140527911724,-0.8871863816110159
1974-06-30,6111.751,254765.5,3760.779,10.54484291135216,10.023098515768739,5.2,61.166666666666664,,11.25,-0.20826169490241186,-2.6608739241767654,-0.48545628948499786
1974-09-30,6053.978,250409.5,3776.934,11.458084360739214,10.97469116182866,5.633333333333333,61.333333333333336,,12.089999999999998,-0.6290398324048763,-3.5078423877357823,-0.40849841236189066
1974-12-31,6030.464,239263.0,3721.726,12.045857796804535,11.511580119172157,6.6000000000000005,61.26666666666667,,9.346666666666666,-1.9457634317057715,-7.25089933635179,-1.5706742587834444
1975-03-31,5957.035,230174.8,3752.942,11.13915393131118,10.337626515505523,8.266666666666666,61.199999999999996,,6.303333333333334,-2.2997714710448536,-9.972269048894876,0.1509359040115843
1975-06-30,5999.61,224936.3,3814.672,9.54334763858573,8.609920353852589,8.866666666666667,61.333333333333336,,5.419999999999999,-1.8348424207727088,-11.708492711925288,1.433027572213108
1975-09-30,6102.326,233113.8,3868.889,8.685280456232194,7.736669790118467,8.466666666666667,61.26666666666667,,6.16,0.7986153897486803,-6.906966389054736,2.434646726683609
1975-12-31,6184.53,238875.8,3910.492,7.384931337519947,6.826448560976228,8.299999999999999,61.13333333333333,,5.413333333333334,2.5547951202428143,-0.16183028717353665,5.072001539070858
1976-03-31,6323.649,247519.0,3988.677,6.342176977005291,6.005860020377832,7.733333333333333,61.29999999999999,,4.826666666666667,6.154303273356643,7.535229747131322,6.281338747041665
1976-06-30,6370.025,247569.5,4025.375,6.0150180935084245,5.597595296714722,7.566666666666666,61.53333333333333,,5.196666666666666,6.173984642335095,10.06204867778122,5.523489306551133
1976-09-30,6404.895,249192.5,4067.757,5.589872748544337,5.231956107363289,7.733333333333333,61.73333333333333,,5.283333333333333,4.95825690072933,6.8973608598032365,5.140183654790809
1976-12-31,6451.177,257286.0,4120.536,5.1879144121930105,5.130545677828143,7.766666666666667,61.76666666666667,,4.873333333333334,4.311515992322779,7.707017621709689,5.371293433153679
1977-03-31,6527.703,265516.8,4169.104,5.9026646160929745,5.863052917581594,7.5,61.833333333333336,,4.66,3.2268394403294653,7.271280184551476,4.523479840558675
1977-06-30,6654.466,277502.0,4191.711,6.79713344850322,6.780281537532762,7.133333333333333,62.23333333333333,,5.156666666666666,4.465304296293993,12.09054427140661,4.1321864422569465
1977-09-30,6774.457,279485.0,4231.345,6.574013476827608,6.763751214847684,6.8999999999999995,62.23333333333333,,5.82,5.769993106834703,12.156264735094346,4.021577493444184
1977-12-31,6774.592,282513.8,4294.965,6.593658295885614,6.59926163206616,6.666666666666667,62.63333333333333,,6.513333333333333,5.013271221670101,9.805352798053523,4.233162870073226
1978-03-31,6796.26,283898.3,4319.094,6.476536449425585,6.426165324438056,6.333333333333333,62.76666666666667,,6.756666666666667,4.1141118093148465,6.922914105623446,3.5976555154296985
1978-06-30,7058.92,305061.3,4411.431,7.02695789059425,6.7843032178625196,6.0,63.13333333333333,,7.283333333333334,6.077933225596155,9.93120770300755,5.241773586012943
1978-09-30,7129.915,313372.3,4429.955,8.023036032309035,7.050003030090283,6.033333333333334,63.23333333333333,,8.1,5.247033083241948,12.12490831350519,4.693779401112397
1978-12-31,7225.75,320405.0,4465.702,8.929434405150246,7.542427674213108,5.8999999999999995,63.46666666666667,,9.583333333333334,6.659559719611163,13.41215898126038,3.975282685656345
1979-03-31,7238.727,319290.5,4488.83,9.78134483198405,7.79975233204567,5.866666666666667,63.73333333333333,,10.073333333333332,6.510448393675339,12.466506491937434,3.929898261070486
1979-06-30,7246.454,320244.5,4485.916,10.75324350529067,8.517006462406554,5.7,63.43333333333334,,10.18,2.6566953584967523,4.977098045540362,1.6884543813560748
1979-09-30,7300.281,327648.8,4529.568,11.722065417920504,9.290333515785669,5.866666666666667,63.666666666666664,,10.946666666666667,2.389453450707335,4.555763224764919,2.248623293013141
1979-12-31,7318.535,325235.8,4540.839,12.639638021870018,9.860636856099125,5.966666666666666,63.76666666666667,,13.576666666666666,1.284088156938723,1.5077167959301363,1.682535019130249
1980-03-31,7341.557,323905.8,4534.348,14.207579175926782,11.065233765170666,6.3,63.9,,15.046666666666667,1.420553641544986,1.4454861638539152,1.014028154329738
1980-06-30,7190.289,300343.8,4432.231,14.426977804480442,10.759428682121529,7.333333333333333,63.800000000000004,,12.686666666666667,-0.775068743967744,-6.214220696998707,-1.1967455476206035
1980-09-30,7181.743,301609.0,4480.849,12.936532371818378,10.604809033247092,7.666666666666667,63.699999999999996,,9.836666666666666,-1.623745716089553,-7.947473025996121,-1.0755771852856588
1980-12-31,7315.677,311084.0,4541.39,12.53942126086874,10.661928927937817,7.3999999999999995,63.699999999999996,,15.853333333333333,-0.039051531488198954,-4.351243005843752,0.012134321432677453
1981-03-31,7459.022,315361.0,4556.603,11.266337396333128,10.225664575019543,7.433333333333334,63.96666666666666,,16.569999999999997,1.6000011986558205,-2.638050939501546,0.4908092629855476
1981-06-30,7403.745,315436.5,4556.934,9.874953898447243,9.39810248447929,7.3999999999999995,64.06666666666666,,17.78,2.9686706612209957,5.025141188198323,2.813549203550103
1981-09-30,7492.405,314447.8,4578.013,10.852520378653688,8.65847277110973,7.3999999999999995,63.699999999999996,,17.576666666666664,4.325718700878034,4.256769526108295,2.1684283491811396
1981-12-31,7410.768,315296.0,4546.699,9.587674308185493,7.661110148257522,8.233333333333334,63.76666666666667,,13.586666666666666,1.2998250196119887,1.3539751321186566,0.11690253424609942
1982-03-31,7295.631,306874.3,4580.19,7.585130981360822,6.273233824492422,8.833333333333334,63.76666666666667,,14.226666666666667,-2.190515056799669,-2.6911063828437887,0.5176443942998654
1982-06-30,7328.912,300107.3,4594.142,6.905340793829332,5.521547453819646,9.433333333333334,64.0,,14.513333333333334,-1.0107452377141501,-4.8596785723909575,0.8165139104494346
1982-09-30,7300.896,294477.3,4624.939,5.821197876248388,5.452813285935195,9.9,64.06666666666666,,11.006666666666666,-2.5560417516138023,-6.350974629175332,1.0250298546552905
1982-12-31,7303.817,296487.8,4705.953,4.445149725547762,5.006651223895246,10.666666666666666,64.13333333333333,,9.286666666666667,-1.4431837563933958,-5.96525169998986,3.502629050218653
1983-03-31,7400.066,302034.8,4752.481,3.5942002398296147,4.54563724963349,10.366666666666667,63.800000000000004,,8.653333333333334,1.4314731652409485,-1.5770300738771503,3.761656175835504
1983-06-30,7568.456,311598.0,4849.254,3.305103755702003,4.496807611311615,10.133333333333333,63.93333333333334,,8.803333333333335,3.268479687025838,3.828863876353572,5.5529846487113455
1983-09-30,7719.746,327770.5,4936.211,2.5263452571538503,4.223439436475155,9.366666666666667,64.23333333333333,,9.459999999999999,5.736967079109201,11.30586296464957,6.73029417252855
1983-12-31,7880.794,343506.5,5014.874,3.234220753930302,3.7654456633894697,8.533333333333333,64.06666666666666,,9.43,7.899663970222681,15.858561465260967,6.564472700853563
1984-03-31,8034.847,353829.3,5056.492,4.625645280806008,4.027674038213861,7.866666666666667,64.03333333333333,,9.686666666666667,8.578045114732769,17.14852063404615,6.396890382097276
1984-06-30,8173.67,366732.8,5127.332,4.405096341402204,4.08534678960996,7.433333333333334,64.46666666666665,,10.556666666666667,7.996531921438144,17.694208563597957,5.734449051338619
1984-09-30,8252.465,373751.3,5165.357,4.295730018689888,3.5253511232898807,7.433333333333334,64.46666666666667,,11.39,6.900732226163919,14.028352154937673,4.642143538839805
1984-12-31,8320.199,383450.0,5232.266,4.154522730475711,3.4820240550721486,7.3,64.5,,9.266666666666667,5.575643773964911,11.62816424143356,4.334944407376939
1985-03-31,8400.82,387119.0,5321.159,3.6407600754840836,3.583154100248283,7.233333333333333,64.76666666666667,,8.476666666666667,4.5548222635726665,9.408406822159732,5.234201893328416
1985-06-30,8474.787,395149.0,5370.011,3.607032131397444,3.4199651443772794,7.3,64.76666666666667,,7.923333333333333,3.683987731337335,7.748475184112258,4.733046348471293
1985-09-30,8604.22,396482.3,5472.014,3.352692375295533,3.4349832470312642,7.2,64.73333333333333,,7.8999999999999995,4.262423409248006,6.081851755432011,5.936801657658908
1985-12-31,8668.188,402525.0,5483.866,3.513417882290478,3.515905104598064,7.033333333333334,64.96666666666667,,8.103333333333333,4.182460058948112,4.974572956056855,4.808624026377872
1986-03-31,8749.127,404507.3,5531.807,3.108520937391179,3.035948258080571,7.033333333333334,65.0,,7.826666666666667,4.146107165729074,4.491719600432931,3.958686444062276
1986-06-30,8788.524,406588.8,5592.08,1.6784437949353432,2.0989323382395972,7.166666666666667,65.23333333333333,,6.919999999999999,3.702004545954951,2.895059838187608,4.135354657560275
1986-09-30,8872.601,409237.0,5690.971,1.6681579718071122,1.8390112634247096,6.966666666666666,65.36666666666667,,6.206666666666666,3.1191787285773875,3.216965801499838,4.001396926250544
1986-12-31,8920.193,410687.3,5725.812,1.346146186031542,1.7469746181933903,6.833333333333333,65.36666666666667,,6.266666666666667,2.9072396676214085,2.0277746723806,4.411960467305365
1987-03-31,8986.367,406533.0,5731.226,2.040206267080813,1.988051723763129,6.599999999999999,65.46666666666667,,6.22,2.7115848244058993,0.5007820625239745,3.604952233510672
1987-06-30,9083.256,413188.5,5809.376,3.699097461524614,3.0800751606768983,6.266666666666667,65.53333333333335,,6.6499999999999995,3.353600672877488,1.623187849739094,3.8857813192944457
1987-09-30,9162.024,419972.8,5875.641,4.162663026626631,3.509839500159232,6.0,65.60000000000001,,6.843333333333334,3.2619859723208355,2.623369832151057,3.244964699345676
1987-12-31,9319.332,420164.0,5888.065,4.405610783182734,3.7758469279945897,5.833333333333333,65.7,,6.916666666666667,4.474555651430423,2.3075220490139436,2.833711620290713
1988-03-31,9367.502,417211.8,5992.101,3.9657684219989093,3.614471597397021,5.7,65.8,,6.663333333333334,4.241257896544837,2.6267978245308576,4.551818406742303
1988-06-30,9490.594,424624.0,6036.355,3.979986700878772,3.7565983957857036,5.466666666666666,65.76666666666667,,7.156666666666666,4.484493225777175,2.767623009836906,3.9071149810237626
1988-09-30,9546.206,425651.3,6090.001,4.142289572369573,4.048666393116629,5.466666666666666,65.96666666666667,,7.983333333333333,4.193200105129624,1.352111374831888,3.648282800123437
1988-12-31,9673.405,430748.0,6159.246,4.3062449303434756,4.201408558517723,5.333333333333333,66.10000000000001,,8.47,3.799338836732069,2.5190163840785873,4.605604727529333
1989-03-31,9771.725,433397.0,6187.816,4.6742075173991315,4.572563457312984,5.2,66.36666666666666,,9.443333333333333,4.3151632099998505,3.879372539319359,3.2662166408743865
1989-06-30,9846.293,434374.5,6216.695,5.16007232097911,4.823676521013372,5.233333333333333,66.39999999999999,,9.726666666666667,3.7479108262349126,2.2962668148762244,2.9875645153407904
1989-09-30,9919.228,442339.8,6276.877,4.706762107416984,4.1593832897306156,5.233333333333333,66.46666666666667,,9.083333333333334,3.9075419072247097,3.9206975287048307,3.0685709247010085
1989-12-31,9938.767,437890.8,6304.157,4.62726245901192,3.9269471013338553,5.366666666666667,66.53333333333333,,8.613333333333333,2.743211930028755,1.6582317271351288,2.3527392801002023
1990-03-31,10047.386,445084.0,6357.213,5.232831190776925,4.235545303096504,5.3,66.73333333333333,,8.25,2.821006526483294,2.6966038066714715,2.7375894822987634
1990-06-30,10083.855,438012.0,6376.579,4.5835556718683,3.7846098836247015,5.333333333333333,66.53333333333333,,8.243333333333332,2.412704964193124,0.8374110358688291,2.571848868249127
1990-09-30,10090.569,435572.3,6401.841,5.563986716095148,4.486648467837337,5.7,66.46666666666667,,8.16,1.7273622503686914,-1.5299324184710472,1.9908626535138474
1990-12-31,9998.704,427500.0,6353.139,6.276642343789729,5.042329292624981,6.133333333333333,66.4,,7.743333333333332,0.6030627340393391,-2.3729203719283443,0.7769793804310421
1991-03-31,9951.916,416740.0,6329.249,5.260236559631637,4.087859882489371,6.6000000000000005,66.23333333333333,,6.426666666666667,-0.9501973946258402,-6.368236108240244,-0.4398782925788436
1991-06-30,10029.51,419145.0,6381.703,4.846902272359806,3.713095962113821,6.833333333333333,66.26666666666667,,5.863333333333333,-0.5389307958117096,-4.307416235171635,0.08035656736944397
1991-09-30,10080.195,419122.8,6413.521,3.854478201437598,3.1092689572352,6.866666666666667,66.10000000000001,,5.6433333333333335,-0.10280887034219699,-3.776525734074454,0.18244751783118573
1991-12-31,10115.329,419445.0,6410.312,2.965256194834017,2.4998526458017922,7.1000000000000005,66.06666666666666,,4.816666666666666,1.1664011655910578,-1.8842105263157882,0.899917347944057
1992-03-31,10236.435,425286.3,6530.335,2.8938359559324005,2.6022597233106737,7.366666666666667,66.3,,4.023333333333333,2.858936912248855,2.0507510678120733,3.17709099452399
1992-06-30,10347.429,434613.0,6574.665,3.073710745857028,2.724461819126778,7.6000000000000005,66.60000000000001,,3.7699999999999996,3.169835814511379,3.690369681136607,3.023675655228697
1992-09-30,10449.673,437083.0,6645.14,3.0748310601753723,2.6818397067453517,7.633333333333333,66.60000000000001,,3.2566666666666664,3.6653854414522735,4.2851880164954,3.611417191898192
1992-12-31,10558.648,446123.5,6724.342,3.1223542430255975,2.6537839847994737,7.366666666666667,66.26666666666667,,3.0366666666666666,4.382645388993267,6.360428661683892,4.898825517385119
1993-03-31,10576.275,446341.0,6750.123,3.173319946081321,2.621360691678339,7.133333333333333,66.2,,3.0399999999999996,3.3199058070509935,4.950712026227988,3.3656466322171674
1993-06-30,10637.847,453789.3,6811.522,3.125143812652253,2.628170019603885,7.066666666666666,66.33333333333333,,3.0,2.806668207145946,4.412270226615389,3.6025713857664288
1993-09-30,10688.606,458206.3,6887.329,2.817293781669387,2.4213369492858274,6.8,66.33333333333333,,3.06,2.2865117406066116,4.83278919564476,3.64460342445756
1993-12-31,10833.987,473580.8,6947.788,2.7692674756749853,2.296928118614631,6.633333333333333,66.33333333333333,,2.99,2.6077107599381977,6.15464103549801,3.322942229886583
1994-03-31,10939.116,473833.3,7027.255,2.5394943820659766,2.0560640842051483,6.566666666666666,66.56666666666666,,3.2133333333333334,3.430706936043171,6.159483444272418,4.105584446387134
1994-06-30,11087.361,482954.5,7081.931,2.382561899555561,1.9407259908031789,6.2,66.5,,3.94,4.225610689832271,6.427035630853362,3.9698763360083156
1994-09-30,11152.176,489406.0,7135.93,2.855010555094472,2.2284762418611916,6.0,66.53333333333333,,4.486666666666667,4.337048254936149,6.809094506120927,3.60954152182944
1994-12-31,11279.932,497558.5,7213.079,2.603344144440034,2.12011567642838,5.633333333333333,66.7,,5.166666666666667,4.116167021429895,5.063064212062662,3.8183519704400926
1995-03-31,11319.951,507046.8,7231.032,2.840339553572931,2.25358144173875,5.466666666666666,66.76666666666667,,5.81,3.481405627292,7.009532677420527,2.8998093850301387
1995-06-30,11353.721,507149.0,7294.424,3.095413472227001,2.276836129338163,5.666666666666667,66.63333333333334,,6.02,2.4023751008017014,5.009685177382139,3.000495203921094
1995-09-30,11450.31,511228.0,7360.529,2.6642831094231934,1.9627679948251469,5.666666666666667,66.6,,5.796666666666667,2.6733258155179795,4.458874635782961,3.1474383857464927
1995-12-31,11528.067,518543.3,7411.873,2.6264758134387334,1.9327067738179309,5.566666666666666,66.5,,5.72,2.1997916299495213,4.217554317733496,2.756021388369656
1996-03-31,11614.418,531826.0,7480.231,2.783881388262851,2.000504423036357,5.533333333333334,66.53333333333333,,5.363333333333333,2.6013098466592277,4.886965069102112,3.4462439109659515
1996-06-30,11808.14,546221.8,7560.702,2.827094774662779,2.0900683439123138,5.5,66.7,,5.243333333333333,4.002379484223728,7.704402453716774,3.650432165720008
1996-09-30,11914.063,557126.0,7606.475,2.900074323344389,2.107518701060355,5.266666666666667,66.83333333333333,,5.306666666666667,4.0501348871777365,8.977990250925227,3.341417444316841
1996-12-31,12037.775,565242.8,7667.062,3.231265700211187,2.353395830947299,5.333333333333333,67.0,,5.28,4.421452442981133,9.005901725082555,3.4429758847729808
1997-03-31,12115.472,571814.8,7747.88,2.9452232362230752,2.236513721454044,5.233333333333333,67.0,,5.276666666666666,4.314068944306992,7.519151000515212,3.5780846874916117
1997-06-30,12317.221,581646.0,7782.76,2.3019186506632927,1.8112552295033095,5.0,67.1,,5.523333333333333,4.31127171595187,6.485314207525206,2.9370024106227133
1997-09-30,12471.01,600784.3,7915.359,2.225028454311606,1.6463652273936757,4.866666666666667,67.16666666666667,,5.533333333333334,4.674702492340366,7.836342227790483,4.060803460209894
1997-12-31,12577.495,604186.3,8009.964,1.8911240605164286,1.2763174851597652,4.666666666666667,67.16666666666667,,5.506666666666667,4.483552816031211,6.889694127903967,4.472404162115806
1998-03-31,12703.742,618923.8,8090.987,1.4826793214697487,0.8386734694638909,4.633333333333333,67.1,,5.52,4.855526883310857,8.238506593393534,4.428398478035289
1998-06-30,12821.339,639329.3,8233.463,1.5833085441197214,0.7681500055749524,4.3999999999999995,67.0,,5.5,4.09279008633523,9.91725207428573,5.791043280275887
1998-09-30,12982.752,653248.0,8340.831,1.5964501135180627,0.8140118291853682,4.533333333333333,67.06666666666666,,5.533333333333334,4.103452727565782,8.73253512117409,5.375271039506857
1998-12-31,13191.67,666116.5,8461.33,1.525740097731772,0.7627484426651435,4.433333333333334,67.16666666666667,,4.86,4.883126568525764,10.250182766474513,5.635056537083072
1999-03-31,13315.597,677759.5,8548.235,1.6872427983539051,0.953594119631059,4.3,67.13333333333334,,4.733333333333333,4.816336792733988,9.506129833753363,5.651325357462578
1999-06-30,13426.748,692246.0,8679.143,2.112585759261313,1.3452539374381696,4.266666666666667,67.1,,4.746666666666667,4.721885912228041,8.276908316262045,5.413032159129161
1999-09-30,13604.771,707785.5,8776.715,2.3463197156808078,1.5887395798034183,4.233333333333333,67.03333333333333,,5.093333333333334,4.791118246732284,8.348666968746944,5.225906147720782
1999-12-31,13827.98,714400.8,8905.093,2.6197635342648296,1.9363601240801238,4.066666666666666,67.06666666666666,,5.306666666666667,4.8235742707329665,7.2486269293734695,5.244601026079843
2000-03-31,13878.147,732081.8,9039.743,3.257688294692914,2.5629182759415428,4.033333333333333,67.3,,5.676666666666667,4.224744861233032,8.014981715490531,5.749818529790063
2000-06-30,14130.908,743563.0,9124.152,3.29377788429183,2.468067901103018,3.9333333333333336,67.16666666666667,,6.273333333333333,5.2444568111355006,7.413116146572163,5.127338033259732
2000-09-30,14145.312,745690.3,9211.569,3.4690208756786856,2.5641258605647144,4.0,66.9,,6.52,3.9731723525519014,5.355407817764002,4.954632798262204
2000-12-31,14229.765,749487.5,9292.05,3.4435088887033207,2.5219877581145855,3.9,66.89999999999999,,6.473333333333334,2.9055943095086967,4.911346683822293,4.345344849290167
2001-03-31,14183.12,747602.5,9325.751,3.4110242888877838,2.449113507201243,4.233333333333333,67.16666666666667,,5.593333333333334,2.1975051856706784,2.1200772919091726,3.1638952567567546
2001-06-30,14271.694,745692.8,9344.486,3.325100304470478,2.440873525633861,4.3999999999999995,66.76666666666667,,4.326666666666667,0.9962983270431103,0.2864316809739087,2.4148435931361067
2001-09-30,14214.516,736344.8,9377.003,2.678376859083668,1.8370976223271551,4.833333333333333,66.7,,3.4966666666666666,0.48923629256110157,-1.2532682804107798,1.7959372610681257
2001-12-31,14253.574,728612.8,9528.302,1.8752331260311284,1.3051749740961682,5.5,66.7,,2.1333333333333333,0.16731829373148877,-2.7851965509764987,2.542517528424848
2002-03-31,14372.785,726309.5,9549.516,1.2317084729315624,0.7629368117640626,5.7,66.63333333333333,,1.7333333333333334,1.3372586567694578,-2.8481713209894344,2.3994314238070524
2002-06-30,14460.848,726442.0,9597.82,1.3180144852859972,1.0373887420945582,5.833333333333333,66.66666666666667,,1.75,1.3253787532159889,-2.5815992859257952,2.711053342045777
2002-09-30,14519.633,727860.5,9664.988,1.576360012077882,1.509308835487581,5.733333333333333,66.60000000000001,,1.74,2.1465169830615416,-1.1522183629191218,3.071183831337132
2002-12-31,14537.58,727477.5,9718.745,2.2536062429198,1.941369827513754,5.866666666666667,66.43333333333334,,1.4433333333333334,1.9925248221954739,-0.15581664225499114,1.9987086891242622
2003-03-31,14614.141,732807.0,9766.616,2.9762446289777866,2.513597184774019,5.866666666666667,66.36666666666667,,1.25,1.6792570124718242,0.8945910799734724,2.273413647351341
2003-06-30,14743.567,747096.3,9878.442,2.006016987171836,1.860543643400588,6.133333333333333,66.43333333333334,,1.2466666666666668,1.9550651524723905,2.843213911089948,2.9238097818046205
2003-09-30,14988.782,769710.5,10018.122,2.2166468738735956,2.0035966958168374,6.133333333333333,66.13333333333333,,1.0166666666666666,3.2311353875128956,5.749728141587562,3.6537448365171254
2003-12-31,15162.76,781688.8,10087.092,2.0018402602853147,2.029088656111392,5.833333333333333,66.03333333333333,,0.9966666666666667,4.300440651057458,7.45195555876299,3.790067544729281
2004-03-31,15248.68,779779.0,10181.141,1.8182720844726645,2.0364851474454917,5.7,66.03333333333333,,1.0033333333333332,4.341952085996703,6.4098732681319825,4.2443052946895765
2004-06-30,15366.85,798083.0,10236.694,2.7860008993731236,2.619890984147011,5.599999999999999,66.0,,1.01,4.227491217016888,6.8246489776485175,3.6266042762613804
2004-09-30,15512.619,811627.8,10356.936,2.675389628735969,2.4498742629015378,5.433333333333334,65.96666666666665,,1.4333333333333333,3.494860356231766,5.445852693967423,3.382011119449335
2004-12-31,15670.88,823474.5,10474.084,3.384951229497483,2.8197843923019867,5.433333333333334,65.93333333333334,,1.95,3.3511049439547858,5.3455671873512856,3.8365070924305966
2005-03-31,15844.727,835599.0,10540.638,3.0349137886791717,2.6260909619053363,5.3,65.86666666666667,,2.47,3.9088432572524257,7.158438480646434,3.531008950764969
2005-06-30,15922.782,847987.5,10657.449,2.924035982051199,2.5848886594646014,5.1000000000000005,66.1,,2.9433333333333334,3.6177355801611855,6.253046362345782,4.1102625515620606
2005-09-30,16047.587,860236.0,10745.873,3.818642734175293,3.1834184465812094,4.966666666666667,66.13333333333333,,3.4599999999999995,3.448598847170792,5.988976720610095,3.7553287960840898
2005-12-31,16136.734,863826.5,10765.68,3.6757348188830137,3.1244662091052917,4.966666666666667,66.03333333333333,,3.98,2.9727366937913002,4.900212453451802,2.783976145312561
2006-03-31,16353.835,880925.8,10883.075,3.6916536531380166,3.0609481622322505,4.733333333333333,66.10000000000001,,4.456666666666667,3.2131067957182013,5.4244679565198295,3.248731243782399
2006-06-30,16396.151,878335.3,10939.498,3.9242776239420594,3.3119966238550993,4.633333333333333,66.13333333333333,,4.906666666666667,2.9729038556202125,3.578802753578336,2.6464963613712644
2006-09-30,16420.738,871763.3,11009.748,3.3477698577253583,2.9477517187008453,4.633333333333334,66.13333333333333,,5.246666666666667,2.325277937424497,1.3400159956105107,2.4555938824142087
2006-12-31,16561.866,867757.0,11114.771,1.9663363141878702,1.9627985035283402,4.433333333333334,66.3,,5.246666666666667,2.6345603763438197,0.45501035219457364,3.242628426629812
2007-03-31,16611.69,867928.8,11183.323,2.431407752138126,2.362458323675809,4.5,66.3,3.3932135728542923,5.256666666666667,1.5767249700146868,-1.4753796517254947,2.7588526220760246
2007-06-30,16713.314,874264.0,11212.669,2.6651918733250644,2.3337983503905666,4.5,65.96666666666667,3.403744316947936,5.25,1.9343747200181172,-0.46352457882542497,2.4971072712842934
2007-09-30,16809.587,870609.0,11287.468,2.3497218317923174,2.177709396212616,4.666666666666667,65.93333333333334,3.229086713652,5.073333333333333,2.3680360773066234,-0.13240979518179818,2.522491886281153
2007-12-31,16915.191,865723.8,11331.949,4.030926361559224,3.3865787172544812,4.8,65.93333333333334,3.009040970186024,4.496666666666667,2.133364682457861,-0.23430522600220716,1.9539583856473586
2008-03-31,16843.003,854344.8,11316.411,4.137519491970795,3.28382403875378,5.0,66.10000000000001,2.951945698114566,3.1766666666666663,1.3924712055185307,-1.5651053404380666,1.1900577314989391
2008-06-30,16943.291,851765.5,11347.595,4.30938030168689,3.411033849640862,5.333333333333333,66.03333333333333,2.860566396870579,2.0866666666666664,1.3760107660276244,-2.573421758187455,1.2033352629958083
2008-09-30,16854.295,835509.0,11260.136,5.252949705189717,3.9280402276922715,6.0,66.06666666666666,3.2548878260416862,1.9400000000000002,0.26596727212868654,-4.031660596203346,-0.24214465104132055
2008-12-31,16485.35,790610.8,11158.801,1.6029157860064462,1.242147164982521,6.866666666666667,65.89999999999999,3.5203612977452448,0.5066666666666667,-2.5411536884212604,-8.676323788256713,-1.527963106787733
2009-03-31,16298.262,740520.5,11130.464,-0.18386721533766673,-0.2560345585101949,8.266666666666667,65.7,3.400720464265635,0.18333333333333335,-3.234227293078318,-13.322993245818315,-1.6431623064945278
2009-06-30,16269.145,722620.8,11075.748,-0.9404201794809312,-0.8251371589452772,9.299999999999999,65.7,3.0920514664273333,0.18000000000000002,-3.9788374053187248,-15.162001748133724,-2.395635374720373
2009-09-30,16326.281,725289.3,11150.23,-1.606846477658504,-1.1962925489719962,9.633333333333333,65.33333333333333,2.537541738970317,0.15666666666666665,-3.1328157006863644,-13.19192252866216,-0.9760628113195113
2009-12-31,16502.754,726536.3,11137.946,1.5015806678263186,1.187905172946957,9.933333333333334,64.86666666666666,2.2122681882546993,0.12,0.10557252348297741,-8.10443014438963,-0.1868928391141611
2010-03-31,16582.71,723935.5,11202.495,2.352873062057078,2.263588944450342,9.833333333333334,64.86666666666667,2.015618958592443,0.13333333333333333,1.7452658449103264,-2.239640901230955,0.6471518168514878
2010-06-30,16743.162,747200.8,11302.955,1.7772934252725452,2.017603608303912,9.633333333333333,64.89999999999999,1.7631112683144028,0.19333333333333336,2.91359502911801,3.4015074019458025,2.05139192404884
2010-09-30,16872.266,750096.0,11383.596,1.2030894224088466,1.5131121748222471,9.466666666666667,64.63333333333333,1.79967881356351,0.18666666666666668,3.344209253779229,3.420248995814501,2.0929254374125073
2010-12-31,16960.864,759530.3,11453.368,1.2296776492499124,1.3810949573820859,9.5,64.43333333333334,1.7905725861794657,0.18666666666666668,2.7759609093124693,4.541273436716109,2.831958423932024
2011-03-31,16920.632,755192.5,11497.12,2.1483077250634106,1.8384806359319494,9.033333333333333,64.16666666666667,1.9163830937539779,0.15666666666666668,2.037797199613345,4.317649845877147,2.629994478908504
2011-06-30,17035.114,766964.5,11508.95,3.346174825439803,2.680931882407478,9.066666666666666,64.10000000000001,1.999046761218078,0.09333333333333334,1.7437088645501975,2.6450319646338594,1.8224880130903953
2011-09-30,17031.313,790560.5,11543.975,3.71583290017546,2.957153337480397,9.0,64.10000000000001,2.0626585993610633,0.08333333333333333,0.9426534645672335,5.394576160918074,1.4088606095999934
2011-12-31,17222.583,805963.3,11563.89,3.3452557278883894,2.6398390207619027,8.633333333333333,64.06666666666666,2.0082030695273736,0.07333333333333335,1.543075871606514,6.11338349503634,0.9649737963540517
2012-03-31,17367.01,822534.8,11647.297,2.829940020554996,2.4601646478522956,8.266666666666667,63.76666666666667,1.8801923917796264,0.10333333333333333,2.6380693108862374,8.917236333782451,1.3062140779603881
2012-06-30,17444.525,835039.5,11667.753,1.8883255866328552,1.7076029638375252,8.2,63.73333333333333,2.0035656551625314,0.15333333333333335,2.403335839137921,8.875899731995428,1.3798217908671084
2012-09-30,17469.65,833421.8,11691.414,1.6843877645368543,1.5332882009313487,8.033333333333333,63.6,1.8187085934271947,0.14333333333333334,2.5737123144880414,5.4216343973674475,1.2771943806184627
2012-12-31,17489.852,843215.3,11738.007,1.903734247539705,1.7667873785595238,7.8,63.699999999999996,1.8966766416475285,0.16,1.551852007332477,4.622046686244885,1.5056957477111999
2013-03-31,17662.4,853163.0,11814.326,1.7403164978267993,1.4508026964905014,7.733333333333333,63.46666666666667,2.031652171240409,0.14333333333333334,1.700868485709428,3.723635765927469,1.4340580479745624
2013-06-30,17709.671,859874.3,11848.089,1.4149968008844827,1.2585872849044444,7.533333333333334,63.4,2.0779507164455424,0.11666666666666665,1.5199382041070075,2.974086854573943,1.545593226047881
2013-09-30,17860.45,873358.5,11896.258,1.5063384673969615,1.380395541331958,7.233333333333333,63.26666666666667,2.154912518611285,0.08333333333333333,2.237022493295515,4.7918952923957425,1.7520891827113472
2013-12-31,18016.147,883797.3,12001.027,1.2075025688146408,1.1865591919206182,6.933333333333334,62.9,2.1439262806079995,0.08666666666666667,3.0091449601746367,4.812768459016348,2.2407551810115667
2014-03-31,17953.974,888779.0,12044.203,1.4303094480960714,1.2963636254911408,6.666666666666667,62.96666666666667,2.1592096862282695,0.07333333333333335,1.6508175559380112,4.174583285960587,1.9457478996262711
2014-06-30,18185.911,913766.5,12159.899,2.0803515617601334,1.69691290593675,6.2,62.833333333333336,2.0635315080257546,0.09333333333333334,2.6891521587272926,6.267450951842601,2.631732425372557
2014-09-30,18406.941,929873.0,12280.086,1.791129063250237,1.5575782928850757,6.066666666666666,62.86666666666667,2.1093571650868967,0.09000000000000001,3.059782928201682,6.470939482469107,3.2264599506836467
2014-12-31,18500.031,942224.8,12421.595,1.1647293611448155,1.0503210233383224,5.7,62.86666666666667,2.002042876073129,0.09999999999999999,2.6858351011456394,6.610961585874953,3.504433412240471
2015-03-31,18666.621,944408.3,12516.902,-0.11299790852150234,0.13715085643272543,5.533333333333334,62.73333333333333,2.0863213401547474,0.11,3.9692994988184793,6.259070027532165,3.924701368782979
2015-06-30,18782.243,957648.0,12603.053,0.03685801286847923,0.18867965183560673,5.433333333333334,62.800000000000004,2.226919085869642,0.12333333333333334,3.2790878609270546,4.802266224467622,3.6443888226374233
2015-09-30,18857.418,967611.5,12691.79,0.15861095706986758,0.1749012600866943,5.1000000000000005,62.53333333333333,2.2288116501924637,0.1366666666666667,2.4473213664345517,4.05845744526403,3.3526149572568276
2015-12-31,18892.206,966694.8,12743.411,0.40088650970850165,0.2317798442012927,5.033333333333333,62.56666666666666,2.4634923693661457,0.16,2.119861312664817,2.5970447816699327,2.5907783984262966
2016-03-31,19001.69,976812.0,12839.618,0.992132059419748,0.7323298665966519,4.8999999999999995,62.833333333333336,2.4469874271358125,0.36000000000000004,1.7950168913805964,3.4311113106481494,2.578241804561543
2016-06-30,19062.709,981250.8,12903.306,1.110129582424683,0.8680665539501456,4.933333333333334,62.76666666666667,2.53912301565146,0.37333333333333335,1.493250832714721,2.4646634253922217,2.3823830622627717
2016-09-30,19197.938,990245.5,12993.064,1.1574412742609101,0.9543565518045805,4.8999999999999995,62.86666666666667,2.5925420686625067,0.39666666666666667,1.8057615310855146,2.3391619467110436,2.373770760467986
2016-12-31,19304.352,999418.0,13060.061,1.8070191165781753,1.4938551612884303,4.766666666666667,62.73333333333333,2.68170150348368,0.45,2.1815663030564147,3.3850601037680006,2.4848135244166514
2017-03-31,19398.343,1011264.0,13160.475,2.587317088715224,2.0362361125189965,4.566666666666666,62.86666666666667,2.5984147631048504,0.7000000000000001,2.0874616941966906,3.5269836979889613,2.498960638860126
2017-06-30,19506.949,1021880.3,13225.743,1.8910441495454993,1.5969310548032745,4.366666666666667,62.86666666666667,2.5023114318252584,0.9500000000000001,2.3304137937582903,4.1405826114995214,2.498871219515375
2017-09-30,19660.766,1029443.3,13315.382,1.9445980461082553,1.6049949378978672,4.333333333333333,62.96666666666667,2.6433779991402138,1.1533333333333333,2.410821412174591,3.958392136091504,2.480692775776361
2017-12-31,19882.352,1053829.5,13460.902,2.1077274456601014,1.7473878513257175,4.166666666666667,62.70000000000001,2.495740189531167,1.2033333333333334,2.9941434967617697,5.444318593421382,3.0692123107235236
2018-03-31,20044.077,1069657.0,13558.373,2.2485791879352477,1.864516416554148,4.033333333333333,62.86666666666667,2.724465920312125,1.4466666666666665,3.328810094759116,5.774258749446237,3.0234319050034264
2018-06-30,20150.476,1081922.5,13630.967,2.686822867847271,2.1937142015864497,3.9333333333333336,62.93333333333334,2.886138125747776,1.7366666666666666,3.2989628465220244,5.875658822271057,3.063903479751584
2018-09-30,20276.154,1085621.3,13693.79,2.609701249415005,2.1763261680715518,3.766666666666667,62.800000000000004,3.054998547038656,1.9233333333333331,3.130030640718684,5.457124253467871,2.841886173449626
2018-12-31,20304.874,1086077.0,13736.572,2.213913984075311,1.9532270548778596,3.8333333333333335,62.93333333333334,3.38880951497557,2.22,2.125110751484538,3.060030109234946,2.04793111189725
2019-03-31,20431.641,1094165.0,13758.331,1.6298790814225732,1.4512711747960132,3.8666666666666667,63.06666666666666,3.4117204064840685,2.4033333333333333,1.9335587266003706,2.291201759068562,1.4747934726386358
2019-06-30,20602.275,1110829.8,13875.705,1.8225629733199078,1.48598573520895,3.6333333333333333,62.9,3.3611938511530473,2.3966666666666665,2.242125694698238,2.671845719078769,1.795455890987041
2019-09-30,20843.322,1123495.8,14033.222,1.7494900832476217,1.3894333080839427,3.6,63.13333333333333,3.3080886562795175,2.19,2.797216868642849,3.4887395816570743,2.4787294094622325
2019-12-31,20985.448,1121362.3,14125.274,2.048597188147997,1.4035339650759167,3.6,63.29999999999999,3.144624237204008,1.6433333333333333,3.3517765241980912,3.2488764608770815,2.8296870572949384
2020-03-31,20709.212,1119485.0,13887.048,2.145041540298546,1.5499294537905328,3.8333333333333335,63.06666666666666,3.1904165246289105,1.26,1.3585350290757248,2.314093395420258,0.935556791009029
2020-06-30,19077.992,1048937.0,12685.319,0.4093016269363388,0.5707206369536921,13.0,60.800000000000004,6.579088701432252,0.06,-7.39861495878491,-5.571762658869972,-8.578922656542499
2020-09-30,20558.879,1104253.3,13813.706,1.2229858344598554,1.1188189246270408,8.799999999999999,61.53333333333333,4.814473266952968,0.09333333333333334,-1.3646720997737227,-1.7127344846326942,-1.5642594409181254
2020-12-31,20791.917,1142084.3,14001.366,1.2421835627618967,1.2360910022576777,6.766666666666667,61.56666666666666,4.860558634710029,0.09000000000000001,-0.9222152417236895,1.8479308605256373,-0.8772077624830454
2021-03-31,21082.134,1157533.3,14319.617,1.903826424978372,2.032512092790295,6.233333333333333,61.43333333333334,5.0306078525905,0.08,1.8007541764505586,3.3987324528689467,3.114909662586318
2021-06-30,21440.929,1168487.8,14820.014,4.782322275059399,4.006292546603281,5.933333333333334,61.63333333333333,2.289711366775552,0.07,12.385669309432568,11.397328914891936,16.828075036977786
2021-09-30,21617.828,1164156.5,14943.244,5.249466758017444,4.5971847049888295,5.066666666666666,61.73333333333333,4.5589747092079485,0.09000000000000001,5.1508109950936465,5.424769842209209,8.17693673225708
2021-12-31,21988.737,1170716.3,15086.862,6.770451026354821,5.802765136166791,4.166666666666667,61.9,5.242978299957923,0.08,5.756179192135091,2.5069953242505827,7.7527864066977425
2022-03-31,21932.71,1187027.0,15100.85,8.022763153166501,6.5814614627614105,3.8666666666666667,62.300000000000004,5.5883243974480665,0.12,4.034582077886428,2.5479785333173632,5.4556836261751895
2022-06-30,21967.045,1191300.3,15224.357,8.583094356508363,6.907591025907486,3.6333333333333333,62.23333333333333,5.572636412742459,0.77,2.4537929303342976,1.9523096432842557,2.7283577464906728
2022-09-30,22125.625,1185078.0,15295.828,8.292420934124914,6.685939317519943,3.533333333333333,62.199999999999996,5.334969304278725,2.19,2.3489732641040373,1.7971380995596364,2.359487672154703
2022-12-31,22278.345,1186917.5,15326.248,7.0954236055280475,6.004048752029245,3.5666666666666664,62.199999999999996,5.01292354064673,3.653333333333333,1.3170742821654535,1.3838707123151828,1.5867182983446249
2023-03-31,22439.607,1200727.5,15495.754,5.734239539662382,5.044603862437154,3.533333333333333,62.5,4.629584114980334,4.516666666666667,2.3111462286238282,1.1541860463157194,2.6151110699066615
2023-06-30,22580.499,1229221.5,15553.719,4.050849394502169,3.92133225128705,3.533333333333333,62.6,4.54023411225594,4.989999999999999,2.792610476283919,3.183177239189816,2.1633885752941673
2023-09-30,22840.989,1241477.8,15671.906,3.56582023668428,3.429998313295824,3.6333333333333333,62.699999999999996,4.520059103857125,5.260000000000001,3.2331922827038895,4.7591635318519065,2.4586965805316385
2023-12-31,23033.78,1258975.0,15789.717,3.2335073757208863,2.851872525297528,3.8000000000000003,62.63333333333333,4.143963221000006,5.33,3.390893713155063,6.0709779744590575,3.0240212738303685
2024-03-31,23082.119,1266852.0,15857.704,3.2440840134059754,2.7772493696811265,3.8333333333333335,62.6,4.2239630007528355,5.33,2.8632943527041155,5.50703635920724,2.3358011491405817
2024-06-30,23286.508,1273559.3,16009.637,3.1917772196232925,2.6787334540742265,3.9666666666666663,62.6,4.01526425693343,5.33,3.1266315239534936,3.606982142762716,2.931247504214274
2024-09-30,23478.57,1282269.0,16165.768,2.6583677719306698,2.422712723926209,4.166666666666667,62.70000000000001,3.8229180031142804,5.263333333333333,2.7913896372876,3.285697094221085,3.1512567775738187
2024-12-31,23586.542,1278806.0,16320.89,2.7230024942220523,2.5978635461016233,4.133333333333333,62.46666666666667,4.105692106741418,4.6499999999999995,2.3997884845648576,1.575170277408211,3.364043826751284
2025-03-31,23548.21,1298006.0,16345.793,2.7248477394889483,2.5590992915925557,4.133333333333334,62.53333333333333,4.100530708574175,4.33,2.0192730138857806,2.459166500901455,3.077929818843894
2025-06-30,23770.976,1311515.5,16445.685,2.461035734512048,2.443008347663689,4.2,62.43333333333334,3.917511279967171,4.33,2.0804665087611918,2.9803245125688216,2.7236595058338864
2025-09-30,24026.834,1314046.3,16585.878,2.9012604599706933,2.7135368544205654,4.333333333333333,62.333333333333336,3.92857214064554,4.293333333333333,2.335167772142843,2.478208550623928,2.598763015775063
2025-12-31,24055.749,1318014.3,16665.219,2.674874015525852,2.8036179584233807,4.45,62.45,3.8596760234284933,3.8966666666666665,1.9892996607980828,3.066008448505886,2.1097440151854663
