date,cpi_inflation_yoy,pce_inflation_yoy,unemployment_rate,natural_unemployment_rate,unemployment_gap,adaptive_expected_inflation,inflation_surprise
1960-03-31,,,5.133333333333334,5.4564523696899405,-0.32311903635660677,,
1960-06-30,,,5.233333333333333,5.463051,-0.2297176666666667,,
1960-09-30,,,5.533333333333334,5.469829559326172,0.06350377400716223,,
1960-12-31,,,6.266666666666666,5.47677,0.7898966666666656,,
1961-03-31,1.5081492791054159,1.533377905994926,6.8,5.483875,1.3161249999999995,,
1961-06-30,0.8679556967939354,0.9947492658750464,7.0,5.491165,1.5088350000000004,,
1961-09-30,1.2053937510250412,0.9781869066419979,6.766666666666667,5.498675346374512,1.2679913202921549,,
1961-12-31,0.7052055720092895,0.6438094974339226,6.2,5.506455421447754,0.6935445785522463,,
1962-03-31,0.8936550491510283,0.8912053627934199,5.633333333333333,5.514559,0.11877433333333265,1.0716760747334204,-0.17802102558239208
1962-06-30,1.3074201848525924,1.2614833730807407,5.533333333333334,5.523042,0.010291333333333874,0.9180525172448237,0.38936766760776864
1962-09-30,1.201974478646924,1.167790953466737,5.566666666666666,5.5319504737854,0.03471619288126604,1.027918639259488,0.17405583938743607
1962-12-31,1.300455996544625,1.3678050503243517,5.533333333333334,5.541324,-0.007990666666666257,1.0270638211649585,0.2733921753796664
1963-03-31,1.2291109511422056,1.220916204707619,5.766666666666667,5.551188,0.21547866666666682,1.1758764272987925,0.053234523843413095
1963-06-30,1.036888605160698,1.020932942755907,5.733333333333333,5.561552,0.17178133333333356,1.2597404027965868,-0.2228517976358888
1963-09-30,1.3645447889017264,1.2410119978913725,5.5,5.572411,-0.07241099999999978,1.1921075078736132,0.17243728102811318
1963-12-31,1.3934606100504787,1.3033872855956696,5.566666666666666,5.583747386932373,-0.017080720265706617,1.2327500854373137,0.16071052461316504
1964-03-31,1.4875702296923254,1.491297655659533,5.466666666666666,5.59552764892578,-0.12886098225911446,1.2560012388137771,0.23156899087854832
1964-06-30,1.463078592733839,1.553578296317119,5.2,5.607706,-0.4077060000000001,1.3206160584513071,0.14246253428253186
1964-09-30,1.0742511911006207,1.3948664250230152,5.0,5.620222568511962,-0.620222568511962,1.4271635553445925,-0.35291236424397177
1964-12-31,1.2661498690505295,1.354669015103512,4.966666666666666,5.633007,-0.6663403333333342,1.354590155894316,-0.08844028684378658
1965-03-31,1.1639292254741251,1.20671711668144,4.8999999999999995,5.645977,-0.7459770000000008,1.3227624706443288,-0.1588332451702037
1965-06-30,1.6460472814456617,1.4968187098210646,4.666666666666667,5.659044,-0.9923773333333328,1.2418522195897785,0.40419506185588316
1965-09-30,1.7176815357512254,1.5431076779876356,4.366666666666667,5.672116,-1.3054493333333328,1.2875943917677342,0.43008714398349124
1965-12-31,1.7844331692295305,1.5154648998358426,4.1000000000000005,5.685105,-1.5851049999999995,1.4484519779303855,0.33598119129914505
1966-03-31,2.4181227626929016,1.9708343045783245,3.8666666666666667,5.69793,-1.8312633333333337,1.5780228029751355,0.8400999597177661
1966-06-30,2.689222098095153,2.2839917531070064,3.8333333333333335,5.710529,-1.8771956666666667,1.89157118727983,0.7976509108153229
1966-09-30,3.2717083426005398,2.6833407291090516,3.766666666666667,5.722861,-1.956194333333333,2.1523648914422027,1.119343451158337
1966-12-31,3.5700073192116655,3.1624331002820654,3.6999999999999997,5.734915,-2.0349150000000003,2.5408715931545314,1.029135726057134
1967-03-31,2.8718317016550365,2.665209484645629,3.8333333333333335,5.746704,-1.9133706666666668,2.987265130650065,-0.11543342899502829
1967-06-30,2.566641744275233,2.321549674392931,3.8333333333333335,5.75827,-1.924936666666667,3.1006923653905987,-0.5340506211153655
1967-09-30,2.708789935620248,2.486157241806349,3.7999999999999994,5.769672,-1.9696720000000005,3.070047276935619,-0.36125734131537124
1967-12-31,2.9901297481070395,2.5776777633053674,3.9,5.780984,-1.8809840000000002,2.929317675190546,0.0608120729164936
1968-03-31,3.741057996377147,3.370100382781286,3.733333333333333,5.792286,-2.058952666666667,2.7843482824143893,0.9567097139627578
1968-06-30,4.1204346340298015,3.932458869570676,3.5666666666666664,5.803658485412599,-2.236991818745933,3.001654856094917,1.1187797779348845
1968-09-30,4.477638539552024,4.043398274867083,3.533333333333333,5.8151755332946795,-2.2818421999613463,3.3901030785335586,1.0875354610184655
1968-12-31,4.626145198238429,4.294922721750671,3.4,5.826905,-2.426905,3.832315229516503,0.7938299687219263
1969-03-31,4.872752698538359,4.1991694164381945,3.4,5.838901,-2.438901,4.24131909204935,0.6314336064890087
1969-06-30,5.502002171177208,4.456868444403576,3.4333333333333336,5.85120964050293,-2.417876307169596,4.524242767589653,0.9777594035875543
1969-09-30,5.523567733691892,4.65202445228811,3.5666666666666664,5.863864,-2.297197333333334,4.869634651876505,0.6539330818153868
1969-12-31,5.832267391309435,4.704263345867562,3.5666666666666664,5.876888,-2.3102213333333337,5.131116950411472,0.7011504408979636
1970-03-31,6.2270762723552435,4.898634102309973,4.166666666666667,5.890298366546631,-1.723631699879964,5.4326474986792235,0.79442877367602
1970-06-30,6.03849702210358,4.725522853114946,4.766666666666667,5.9041,-1.137433333333333,5.771228392133445,0.26726862997013523
1970-09-30,5.6859853360633705,4.464413654152318,5.166666666666667,5.918292,-0.7516253333333331,5.905352104865037,-0.21936676880166672
1970-12-31,5.600106195613264,4.6129337592755615,5.833333333333333,5.932861,-0.0995276666666669,5.945956505457907,-0.3458503098446437
1971-03-31,4.813365533783435,4.39378069020476,5.933333333333334,5.947782,-0.014448666666666554,5.887916206533864,-1.074550672750429
1971-06-30,4.313810844177812,4.428490233637383,5.900000000000001,5.963016,-0.0630159999999984,5.534488521890912,-1.2206776777131
1971-09-30,4.270262320207234,4.438582758691704,6.033333333333334,5.9785056114196795,0.05482772191365459,5.10331697740947,-0.8330546572022364
1971-12-31,3.5362639308765895,3.7384229157645312,5.933333333333334,5.994177,-0.060843666666666074,4.749386223445436,-1.2131222925688463
1972-03-31,3.5058479532163793,3.850924905250482,5.766666666666667,6.00994,-0.24327333333333367,4.233425657261267,-0.7275777040448879
1972-06-30,3.226680411674924,3.273975228784868,5.7,6.0256905555725115,-0.32569055557251136,3.9065462621195035,-0.6798658504445796
1972-09-30,3.0301141609458,3.168913748214019,5.566666666666666,6.041317,-0.47465033333333384,3.6347636539937818,-0.6046494930479818
1972-12-31,3.333148095994735,3.368487623820004,5.366666666666667,6.056706,-0.690039333333333,3.3247266141784233,0.008421481816311527
1973-03-31,4.112142957647391,3.5208687242554917,4.933333333333334,6.0717453956604,-1.1384120623270668,3.2739476554579596,0.8381953021894315
1973-06-30,5.608418270017908,4.904755324424233,4.933333333333334,6.086335,-1.1530016666666665,3.4255214065657125,2.1828968634521955
1973-09-30,6.834538413634971,5.8823074861060825,4.8,6.100386619567871,-1.3003866195678713,4.020955871151458,2.8135825424835126
1973-12-31,8.417588496545,7.177952675777181,4.766666666666667,6.11383056640625,-1.3471638997395834,4.972061934323751,3.4455265622212483
1974-03-31,9.913374128075334,9.047827828320594,5.133333333333333,6.126616477966309,-0.9932831446329757,6.243172034461318,3.6702020936140167
1974-06-30,10.54484291135216,10.023098515768739,5.2,6.138715,-0.9387150000000002,7.693479827068304,2.8513630842838555
1974-09-30,11.458084360739214,10.97469116182866,5.633333333333333,6.1501145362854,-0.5167812029520675,8.927585987401866,2.5304983733373483
1974-12-31,12.045857796804535,11.511580119172157,6.6000000000000005,6.1608195304870605,0.43918046951294,10.083472474177928,1.9623853226266075
1975-03-31,11.13915393131118,10.337626515505523,8.266666666666666,6.170844,2.095822666666666,10.99053979924281,0.14861413206836893
1975-06-30,9.54334763858573,8.609920353852589,8.866666666666667,6.180209,2.6864576666666675,11.296984750051772,-1.7536371114660412
1975-09-30,8.685280456232194,7.736669790118467,8.466666666666667,6.188934,2.277732666666667,11.046610931860165,-2.3613304756279714
1975-12-31,7.384931337519947,6.826448560976228,8.299999999999999,6.19703245162964,2.1029675483703594,10.35340995573341,-2.968478618213463
1976-03-31,6.342176977005291,6.005860020377832,7.733333333333333,6.204509,1.5288243333333336,9.188178340912263,-2.8460013639069714
1976-06-30,6.0150180935084245,5.597595296714722,7.566666666666666,6.211358,1.3553086666666667,7.988934102335791,-1.9739160088273664
1976-09-30,5.589872748544337,5.231956107363289,7.733333333333333,6.217563,1.5157703333333332,7.106851716066464,-1.5169789675221264
1976-12-31,5.1879144121930105,5.130545677828143,7.766666666666667,6.223099,1.5435676666666662,6.3329997891445,-1.1450853769514895
1977-03-31,5.9026646160929745,5.863052917581594,7.5,6.227931,1.2720690000000001,5.783745557812766,0.11891905828020821
1977-06-30,6.79713344850322,6.780281537532762,7.133333333333333,6.232016563415527,0.9013167699178055,5.673867467584687,1.123265980918533
1977-09-30,6.574013476827608,6.763751214847684,6.8999999999999995,6.235309,0.6646909999999995,5.869396306333386,0.7046171704942221
1977-12-31,6.593658295885614,6.59926163206616,6.666666666666667,6.237757,0.42890966666666674,6.115431488404203,0.4782268074814109
1978-03-31,6.476536449425585,6.426165324438056,6.333333333333333,6.239311,0.09402233333333321,6.466867459327354,0.009668990098231411
1978-06-30,7.02695789059425,6.7843032178625196,6.0,6.239927,-0.23992699999999978,6.610335417660507,0.4166224729337431
1978-09-30,8.023036032309035,7.050003030090283,6.033333333333334,6.239574432373047,-0.20624109903971277,6.6677915281832645,1.3552445041257704
1978-12-31,8.929434405150246,7.542427674213108,5.8999999999999995,6.238234519958496,-0.3382345199584966,7.030047167053621,1.899387238096625
1979-03-31,9.78134483198405,7.79975233204567,5.866666666666667,6.235909461975098,-0.3692427953084305,7.613991194369779,2.167353637614271
1979-06-30,10.75324350529067,8.517006462406554,5.7,6.232617,-0.5326170000000001,8.440193290009395,2.313050215281274
1979-09-30,11.722065417920504,9.290333515785669,5.866666666666667,6.2283935546875,-0.36172688802083286,9.371764693683499,2.3503007242370053
1979-12-31,12.639638021870018,9.860636856099125,5.966666666666666,6.22329,-0.25662333333333454,10.296522040086368,2.343115981783651
1980-03-31,14.207579175926782,11.065233765170666,6.3,6.22320640721058,0.07679359278941966,11.224072944266311,2.9835062316604706
1980-06-30,14.426977804480442,10.759428682121529,7.333333333333333,6.214445920687717,1.1188874126456163,12.330631530251994,2.0963462742284484
1980-09-30,12.936532371818378,10.604809033247092,7.666666666666667,6.2056821483064715,1.4609845183601955,13.249065105049436,-0.31253273323105724
1980-12-31,12.53942126086874,10.661928927937817,7.3999999999999995,6.196909429829753,1.2030905701702466,13.552681843523905,-1.013260582655164
1981-03-31,11.266337396333128,10.225664575019543,7.433333333333334,6.188120345103287,1.2452129882300467,13.527627653273585,-2.261290256940457
1981-06-30,9.874953898447243,9.39810248447929,7.3999999999999995,6.17930610228008,1.2206938977199195,12.792317208375172,-2.9173633099279286
1981-09-30,10.852520378653688,8.65847277110973,7.3999999999999995,6.170456780353049,1.229543219646951,11.654311231866874,-0.8017908532131859
1981-12-31,9.587674308185493,7.661110148257522,8.233333333333334,6.161561483332004,2.0717718500013307,11.1333082335757,-1.5456339253902076
1982-03-31,7.585130981360822,6.273233824492422,8.833333333333334,6.152608442404458,2.680724890928876,10.395371495404888,-2.8102405140440654
1982-06-30,6.905340793829332,5.521547453819646,9.433333333333334,6.1435850852786045,3.289748248054729,9.475069891661812,-2.5697290978324805
1982-09-30,5.821197876248388,5.452813285935195,9.9,6.13447808484682,3.7655219151531805,8.732666615507334,-2.911468739258946
1982-12-31,4.445149725547762,5.006651223895246,10.666666666666666,6.125273394360952,4.541393272305714,7.474835989906008,-3.0296862643582463
1983-03-31,3.5942002398296147,4.54563724963349,10.366666666666667,6.115956273183003,4.250710393483664,6.189204844246577,-2.595004604416962
1983-06-30,3.305103755702003,4.496807611311615,10.133333333333333,6.10651130516273,4.026822028170603,5.191472158863775,-1.8863684031617716
1983-09-30,2.5263452571538503,4.223439436475155,9.366666666666667,6.096922410327377,3.2697442563392904,4.2914128993319425,-1.7650676421780922
1983-12-31,3.234220753930302,3.7654456633894697,8.533333333333333,6.087172849586956,2.446160483746377,3.4676997445583075,-0.2334789906280057
1984-03-31,4.625645280806008,4.027674038213861,7.866666666666667,6.077245221451282,1.7894214452153854,3.1649675016539423,1.460677779152066
1984-06-30,4.405096341402204,4.08534678960996,7.433333333333334,6.067121449278656,1.3662118840546773,3.4228287618980406,0.9822675795041631
1984-09-30,4.295730018689888,3.5253511232898807,7.433333333333334,6.05678275733291,1.3765505760004233,3.6978269083230906,0.5979031103667971
1984-12-31,4.154522730475711,3.4820240550721486,7.3,6.04620963394339,1.2537903660566094,4.1401730987071,0.014349631768610926
1985-03-31,3.6407600754840836,3.583154100248283,7.233333333333333,6.035381780382186,1.1979515529511477,4.370248592843453,-0.729488517359369
1985-06-30,3.607032131397444,3.4199651443772794,7.3,6.024278237998456,1.2757217620015435,4.124027291512972,-0.516995160115528
1985-09-30,3.352692375295533,3.4349832470312642,7.2,6.012878079880752,1.1871219201192478,3.924511239011782,-0.5718188637162487
1985-12-31,3.513417882290478,3.515905104598064,7.033333333333334,6.00116223674976,1.032171096583574,3.688751828163193,-0.175333945872715
1986-03-31,3.108520937391179,3.035948258080571,7.033333333333334,5.989116414842148,1.0442169184911858,3.528475616116885,-0.419954678725706
1986-06-30,1.6784437949353432,2.0989323382395972,7.166666666666667,5.976734424943743,1.1899322417229241,3.3954158315936587,-1.7169720366583154
1986-09-30,1.6681579718071122,1.8390112634247096,6.966666666666666,5.96401752308534,1.0026491435813263,2.913268747478133,-1.245110775671021
1986-12-31,1.346146186031542,1.7469746181933903,6.833333333333333,5.9509733113858925,0.8823600219474406,2.492135146606028,-1.145988960574486
1987-03-31,2.040206267080813,1.988051723763129,6.599999999999999,5.93761432694183,0.6623856730581688,1.9503172225412941,0.08988904453951885
1987-06-30,3.699097461524614,3.0800751606768983,6.266666666666667,5.9239565541955255,0.34271011247114114,1.6832385549637026,2.0158589065609114
1987-09-30,4.162663026626631,3.509839500159232,6.0,5.910018036177342,0.089981963822658,2.1884019716110203,1.9742610550156106
1987-12-31,4.405610783182734,3.7758469279945897,5.833333333333333,5.8958176859450795,-0.06248435261174645,2.8120282353159,1.5935825478668342
1988-03-31,3.9657684219989093,3.614471597397021,5.7,5.881374336705857,-0.1813743367058569,3.5768943846036985,0.38887403739521087
1988-06-30,3.979986700878772,3.7565983957857036,5.466666666666666,5.866706042791119,-0.40003937612445295,4.058284923333222,-0.07829822245444973
1988-09-30,4.142289572369573,4.048666393116629,5.466666666666666,5.8518296238788325,-0.38516295721216665,4.128507233171762,0.013782339197811133
1988-12-31,4.3062449303434756,4.201408558517723,5.333333333333333,5.8367604319052795,-0.5034270985719465,4.1234138696074965,0.1828310607359791
1989-03-31,4.6742075173991315,4.572563457312984,5.2,5.821512311844543,-0.6215123118445431,4.0985724063976825,0.575635111001449
1989-06-30,5.16007232097911,4.823676521013372,5.233333333333333,5.806097722352712,-0.5727643890193788,4.275682180247738,0.8843901407313721
1989-09-30,4.706762107416984,4.1593832897306156,5.233333333333333,5.790527979192876,-0.5571946458595427,4.570703585272822,0.13605852214416192
1989-12-31,4.62726245901192,3.9269471013338553,5.366666666666667,5.7748135828401885,-0.4081469161735214,4.711821719034676,-0.08455926002275582
1990-03-31,5.232831190776925,4.235545303096504,5.3,5.758964591342092,-0.45896459134209255,4.792076101201786,0.44075508957513865
1990-06-30,4.5835556718683,3.7846098836247015,5.333333333333333,5.742991000135081,-0.4096576668017482,4.931732019546235,-0.3481763476779349
1990-09-30,5.563986716095148,4.486648467837337,5.7,5.726903091933299,-0.026903091933299095,4.787602857268532,0.7763838588266161
1990-12-31,6.276642343789729,5.042329292624981,6.133333333333333,5.710711721892166,0.4226216114411665,5.001909009438073,1.274733334351656
1991-03-31,5.260236559631637,4.087859882489371,6.6000000000000005,5.694428505931164,0.9055714940688366,5.414253980632526,-0.1540174210008889
1991-06-30,4.846902272359806,3.713095962113821,6.833333333333333,5.678065883314299,1.1552674500190339,5.421105322846204,-0.574203050486398
1991-09-30,3.854478201437598,3.1092689572352,6.866666666666667,5.661637028291996,1.205029638374671,5.48694197296908,-1.6324637715314823
1991-12-31,2.965256194834017,2.4998526458017922,7.1000000000000005,5.645155589773301,1.4548444102266993,5.059564844304693,-2.0943086494706757
1992-03-31,2.8938359559324005,2.6022597233106737,7.366666666666667,5.6286352426023205,1.7380314240643466,4.231718307065764,-1.3378823511333633
1992-06-30,3.073710745857028,2.724461819126778,7.6000000000000005,5.612089039046045,1.9879109609539558,3.6401181561409555,-0.5664074102839276
1992-09-30,3.0748310601753723,2.6818397067453517,7.633333333333333,5.595528554558459,2.0378047787748734,3.196820274515261,-0.12198921433988863
1992-12-31,3.1223542430255975,2.6537839847994737,7.366666666666667,5.578962827771389,1.7877038388952782,3.0019084891997045,0.12044575382589295
1993-03-31,3.173319946081321,2.621360691678339,7.133333333333333,5.55200824023352,1.5813250930998128,3.0411830012475995,0.13213694483372151
1993-06-30,3.125143812652253,2.628170019603885,7.066666666666666,5.5325457029884095,1.534120963678257,3.1110539987848296,0.014089813867423473
1993-09-30,2.817293781669387,2.4213369492858274,6.8,5.5128995105853695,1.2871004894146303,3.1239122654836358,-0.30661848381424894
1993-12-31,2.7692674756749853,2.296928118614631,6.633333333333333,5.49312813937566,1.140205193957673,3.0595279458571394,-0.29026047018215406
1994-03-31,2.5394943820659766,2.0560640842051483,6.566666666666666,5.47329460823613,1.0933720584305364,2.9712562540194867,-0.4317618719535101
1994-06-30,2.382561899555561,1.9407259908031789,6.2,5.45346531882121,0.7465346811787903,2.8127998630156505,-0.43023796346008947
1994-09-30,2.855010555094472,2.2284762418611916,6.0,5.433708845509488,0.5662911544905116,2.6271543847414778,0.22785617035299444
1994-12-31,2.603344144440034,2.12011567642838,5.633333333333333,5.414094702789551,0.21923863054378145,2.6365835780977487,-0.033239433657714645
1995-03-31,2.840339553572931,2.25358144173875,5.466666666666666,5.39469211786714,0.0719745487995258,2.595102745289011,0.24523680828392003
1995-06-30,3.095413472227001,2.276836129338163,5.666666666666667,5.37556883567923,0.2910978309874368,2.67031403816575,0.42509943406125084
1995-09-30,2.6642831094231934,1.9627679948251469,5.666666666666667,5.3567899822909295,0.30987668437573745,2.8485269313336095,-0.1842438219104161
1995-12-31,2.6264758134387334,1.9327067738179309,5.566666666666666,5.338417010860328,0.22824965580633805,2.80084506991579,-0.17436925647705648
1996-03-31,2.783881388262851,2.000504423036357,5.533333333333334,5.320506752031688,0.21282658130164567,2.8066279871654647,-0.02274659890261388
1996-06-30,2.827094774662779,2.0900683439123138,5.5,5.3031105878163,0.19688941218370015,2.7925134458379444,0.03458132882483467
1996-09-30,2.900074323344389,2.107518701060355,5.266666666666667,5.28627376481136,-0.01960709814469297,2.7254337714468893,0.17464055189749983
1996-12-31,3.231265700211187,2.353395830947299,5.333333333333333,5.2700348590681685,0.06329847426516455,2.7843815749271883,0.44688412528399857
1997-03-31,2.9452232362230752,2.236513721454044,5.233333333333333,5.25442540113615,-0.021092067802817027,2.935579046620301,0.009644189602774134
1997-06-30,2.3019186506632927,1.8112552295033095,5.0,5.23946966586832,-0.2394696658683202,2.975914508610358,-0.6739958579470651
1997-09-30,2.225028454311606,1.6463652273936757,4.866666666666667,5.22518462756924,-0.3585179609025726,2.844620477610486,-0.6195920232988801
1997-12-31,1.8911240605164286,1.2763174851597652,4.666666666666667,5.21158007709276,-0.5449134104260933,2.67585901035229,-0.7847349498358616
1998-03-31,1.4826793214697487,0.8386734694638909,4.633333333333333,5.198658893645431,-0.5653255603120986,2.3408236004286005,-0.8581442789588518
1998-06-30,1.5833085441197214,0.7681500055749524,4.3999999999999995,5.1864174604119695,-0.78641746041197,1.975187621740269,-0.39187907762054763
1998-09-30,1.5964501135180627,0.8140118291853682,4.533333333333333,5.17484620977586,-0.6415128764425271,1.7955350951043763,-0.1990849815863136
1998-12-31,1.525740097731772,0.7627484426651435,4.433333333333334,5.16393028093661,-0.7305969476032761,1.6383905099059903,-0.11265041217421823
1999-03-31,1.6872427983539051,0.953594119631059,4.3,5.1536502701945,-0.8536502701945006,1.547044519209826,0.140198279144079
1999-06-30,2.112585759261313,1.3452539374381696,4.266666666666667,5.1439830521394,-0.8773163854727333,1.5981853884308652,0.5144003708304479
1999-09-30,2.3463197156808078,1.5887395798034183,4.233333333333333,5.13490264848964,-0.9015693151563067,1.7305046922162632,0.6158150234645445
1999-12-31,2.6197635342648296,1.9363601240801238,4.066666666666666,5.12638112041102,-1.0597144537443537,1.9179720927569495,0.7017914415078801
2000-03-31,3.257688294692914,2.5629182759415428,4.033333333333333,5.118389459825649,-1.085056126492316,2.191477951890214,1.0662103428026999
2000-06-30,3.29377788429183,2.468067901103018,3.9333333333333336,5.11089845549919,-1.1775651221658565,2.584089325974966,0.7096885583168637
2000-09-30,3.4690208756786856,2.5641258605647144,4.0,5.10387951056623,-1.1038795105662302,2.8793873572325954,0.5896335184460901
2000-12-31,3.4435088887033207,2.5219877581145855,3.9,5.0973053895934894,-1.1973053895934895,3.1600626472320648,0.28344624147125597
2001-03-31,3.4110242888877838,2.449113507201243,4.233333333333333,5.09115087525391,-0.8578175419205767,3.3659989858416877,0.04502530304609609
2001-06-30,3.325100304470478,2.440873525633861,4.3999999999999995,5.0853933171443,-0.6853933171443005,3.404332984390405,-0.07923267991992677
2001-09-30,2.678376859083668,1.8370976223271551,4.833333333333333,5.08001305816486,-0.24667972483152667,3.412163589435067,-0.7337867303513992
2001-12-31,1.8752331260311284,1.3051749740961682,5.5,5.0749937271223695,0.4250062728776305,3.2145025852863127,-1.3392694592551844
2002-03-31,1.2317084729315624,0.7629368117640626,5.7,5.07032238974232,0.62967761025768,2.8224336446182643,-1.590725171686702
2002-06-30,1.3180144852859972,1.0373887420945582,5.833333333333333,5.0659895539952,0.767343779338133,2.277604690629209,-0.9595902053432119
2002-09-30,1.576360012077882,1.509308835487581,5.733333333333333,5.06198902947023,0.6713443038631031,1.775833235833089,-0.19947322375520704
2002-12-31,2.2536062429198,1.941369827513754,5.866666666666667,5.05831764437482,0.8083490222918472,1.5003290240816425,0.7532772188381573
2003-03-31,2.9762446289777866,2.513597184774019,5.866666666666667,5.0549748275089,0.811691839157767,1.5949223033038105,1.3813223256739762
2003-06-30,2.006016987171836,1.860543643400588,6.133333333333333,5.05196206617004,1.0813712671632931,2.0310563423153662,-0.025039355143530173
2003-09-30,2.2166468738735956,2.0035966958168374,6.133333333333333,5.04928225430245,1.0840510790308828,2.203056967786826,0.013589906086769687
2003-12-31,2.0018402602853147,2.029088656111392,5.833333333333333,5.0469389482292,0.7863943851041331,2.3631286832357548,-0.36128842295044006
2004-03-31,1.8182720844726645,2.0364851474454917,5.7,5.044935549930528,0.6550644500694718,2.3001871875771336,-0.48191510310446906
2004-06-30,2.7860008993731236,2.619890984147011,5.599999999999999,5.04327443998783,0.5567255600121683,2.010694051450853,0.7753068479222707
2004-09-30,2.675389628735969,2.4498742629015378,5.433333333333334,5.04195608394937,0.39137724938396357,2.2056900295011745,0.46969959923479454
2004-12-31,3.384951229497483,2.8197843923019867,5.433333333333334,5.04097813694991,0.39235519638342353,2.320375718216768,1.0645755112807147
2005-03-31,3.0349137886791717,2.6260909619053363,5.3,5.04033457190233,0.25966542809767024,2.66615346051981,0.3687603281593619
2005-06-30,2.924035982051199,2.5848886594646014,5.1000000000000005,5.04001485646218,0.05998514353782092,2.9703138865714367,-0.04627790452023772
2005-09-30,3.818642734175293,3.1834184465812094,4.966666666666667,5.04000320324226,-0.07333653657559314,3.0048226572409553,0.8138200769343378
2005-12-31,3.6757348188830137,3.1244662091052917,4.966666666666667,5.040277916439569,-0.07361124977290245,3.2906359336007864,0.38509888528222724
2006-03-31,3.6916536531380166,3.0609481622322505,4.733333333333333,5.04081085615472,-0.30747752282138663,3.3633318309471694,0.32832182219084727
2006-06-30,3.9242776239420594,3.3119966238550993,4.633333333333333,5.04156703927619,-0.40823370594285713,3.5275167970618804,0.396760826880179
2006-09-30,3.3477698577253583,2.9477517187008453,4.633333333333334,5.04250439291843,-0.4091710595850966,3.7775772075345957,-0.4298073498092374
2006-12-31,1.9663363141878702,1.9627985035283402,4.433333333333334,5.0435736731073915,-0.6102403397740579,3.659858988422112,-1.6935226742342417
2007-03-31,2.431407752138126,2.362458323675809,4.5,5.04471855777112,-0.5447185577711204,3.2325093622483263,-0.8011016101102002
2007-06-30,2.6651918733250644,2.3337983503905666,4.5,5.04587591919752,-0.5458759191975204,2.9174478869983536,-0.2522560136732892
2007-09-30,2.3497218317923174,2.177709396212616,4.666666666666667,5.04697627705214,-0.3803096103854733,2.602676449344105,-0.2529546175517874
2007-12-31,4.030926361559224,3.3865787172544812,4.8,5.04794442889684,-0.2479444288968402,2.3531644428608445,1.6777619186983799
2008-03-31,4.137519491970795,3.28382403875378,5.0,5.04870025100836,-0.04870025100836006,2.869311954703683,1.268207537267112
2008-06-30,4.30938030168689,3.411033849640862,5.333333333333333,5.0491596582576,0.2841736750757331,3.29583988966185,1.0135404120250397
2008-09-30,5.252949705189717,3.9280402276922715,6.0,5.04923570796679,0.9507642920332096,3.7068869967523064,1.546062708437411
2008-12-31,1.6029157860064462,1.242147164982521,6.866666666666667,5.048839829099929,1.817826837566738,4.432693965101657,-2.829778179095211
2009-03-31,-0.18386721533766673,-0.2560345585101949,8.266666666666667,5.04788315494425,3.2187835117224175,3.825691321213462,-4.009558536551129
2009-06-30,-0.9404201794809312,-0.8251371589452772,9.299999999999999,5.0462779346793685,4.2537220653206305,2.7453446443863463,-3.6857648238672773
2009-09-30,-1.606846477658504,-1.1962925489719962,9.633333333333333,5.04393899697215,4.589394336361183,1.4328945240943916,-3.039741001752896
2009-12-31,1.5015806678263186,1.187905172946957,9.933333333333334,5.0407852370313915,4.892548096301942,-0.2820545216176639,1.7836351894439826
2010-03-31,2.352873062057078,2.263588944450342,9.833333333333334,5.03674109744988,4.796592235883454,-0.30738830116269583,2.6602613632197736
2010-06-30,1.7772934252725452,2.017603608303912,9.633333333333333,5.03173801268021,4.601595320653123,0.32679676818599035,1.4504966570865547
2010-09-30,1.2030894224088466,1.5131121748222471,9.466666666666667,5.02571578715021,4.440950879516457,1.0062251693743594,0.1968642530344873
2010-12-31,1.2296776492499124,1.3810949573820859,9.5,5.01862387782517,4.48137612217483,1.708709144391197,-0.4790314951412846
2011-03-31,2.1483077250634106,1.8384806359319494,9.033333333333333,5.01042255345427,4.022910779879063,1.6407333897470955,0.5075743353163151
2011-06-30,3.346174825439803,2.680931882407478,9.066666666666666,5.0010839047711295,4.065582761895537,1.5895920554986787,1.7565827699411245
2011-09-30,3.71583290017546,2.957153337480397,9.0,4.99059268251338,4.00940731748662,1.9818124055404933,1.7340204946349669
2011-12-31,3.3452557278883894,2.6398390207619027,8.633333333333333,4.9789469432321685,3.6543863901011644,2.6099982749821464,0.735257452906243
2012-03-31,2.829940020554996,2.4601646478522956,8.266666666666667,4.96615848641526,3.3005081802514074,3.138892794641766,-0.3089527740867699
2012-06-30,1.8883255866328552,1.7076029638375252,8.2,4.95225307037503,3.2477469296249692,3.309300868514662,-1.4209752818818067
2012-09-30,1.6843877645368543,1.5332882009313487,8.033333333333333,4.93727039857332,3.0960629347600133,2.9448385588129256,-1.2604507942760712
2012-12-31,1.903734247539705,1.7667873785595238,7.8,4.9212638724813695,2.8787361275186303,2.436977274903274,-0.5332430273635691
2013-03-31,1.7403164978267993,1.4508026964905014,7.733333333333333,4.90430011161269,2.8290332217206435,2.076596904816103,-0.3362804069893035
2013-06-30,1.4149968008844827,1.2585872849044444,7.533333333333334,4.8864582459249695,2.6468750874083646,1.8041910241340533,-0.38919422324957065
2013-09-30,1.5063384673969615,1.380395541331958,7.233333333333333,4.8678289902689,2.3655043430644334,1.6858588276969604,-0.17952036029999885
2013-12-31,1.2075025688146408,1.1865591919206182,6.933333333333334,4.8485135148732486,2.084819818460085,1.6413465034119872,-0.4338439345973464
2014-03-31,1.4303094480960714,1.2963636254911408,6.666666666666667,4.828622129906528,1.8380445367601386,1.467288583730721,-0.03697913563464961
2014-06-30,2.0803515617601334,1.69691290593675,6.2,4.80827280586174,1.3917271941382605,1.389786821298039,0.6905647404620943
2014-09-30,1.791129063250237,1.5575782928850757,6.066666666666666,4.78758955479478,1.279077111871886,1.5561255115169519,0.23500355173328513
2014-12-31,1.1647293611448155,1.0503210233383224,5.7,4.76670070024014,0.9332992997598604,1.6273231604802707,-0.4625937993354552
2015-03-31,-0.11299790852150234,0.13715085643272543,5.533333333333334,4.74573706587286,0.787596267460474,1.6166298585628145,-1.7296277670843168
2015-06-30,0.03685801286847923,0.18867965183560673,5.433333333333334,4.72483011463568,0.7085032186976532,1.230803019408421,-1.1939450065399417
2015-09-30,0.15861095706986758,0.1749012600866943,5.1000000000000005,4.704110071072569,0.39588992892743136,0.7199296321855073,-0.5613186751156397
2015-12-31,0.40088650970850165,0.2317798442012927,5.033333333333333,4.6837040599828095,0.34962927335052374,0.311800105640415,0.08908640406808666
2016-03-31,0.992132059419748,0.7323298665966519,4.8999999999999995,4.66373429422766,0.23626570577233963,0.12083939278133653,0.8712926666384115
2016-06-30,1.110129582424683,0.8680665539501456,4.933333333333334,4.64431634359108,0.28901698974225365,0.3971218847666491,0.713007697658034
2016-09-30,1.1574412742609101,0.9543565518045805,4.8999999999999995,4.62555751503731,0.2744424849626892,0.6654397771557001,0.49200149710521
2016-12-31,1.8070191165781753,1.4938551612884303,4.766666666666667,4.60755537255564,0.15911129411102642,0.9151473564534607,0.8918717601247146
2017-03-31,2.587317088715224,2.0362361125189965,4.566666666666666,4.59039642208179,-0.023729755415123677,1.2666805081708792,1.320636580544345
2017-06-30,1.8910441495454993,1.5969310548032745,4.366666666666667,4.5741549837936315,-0.20748831712696436,1.6654767654947482,0.22556738405075105
2017-09-30,1.9445980461082553,1.6049949378978672,4.333333333333333,4.55889227046308,-0.22555893712974662,1.8607054072749523,0.083892638833303
2017-12-31,2.1077274456601014,1.7473878513257175,4.166666666666667,4.54465568658274,-0.3779890199160727,2.0574946002367884,0.050232845423312966
2018-03-31,2.2485791879352477,1.864516416554148,4.033333333333333,4.53147835875611,-0.49814502542277683,2.13267168250727,0.11590750542797768
2018-06-30,2.686822867847271,2.1937142015864497,3.9333333333333336,4.51937890343318,-0.5860455700998468,2.047987207312276,0.6388356605349954
2018-09-30,2.609701249415005,2.1763261680715518,3.766666666666667,4.50836143357856,-0.7416947669118925,2.246931886887719,0.3627693625272861
2018-12-31,2.213913984075311,1.9532270548778596,3.8333333333333335,4.49841580136913,-0.6650824680357963,2.413207687714406,-0.19929370363909538
2019-03-31,1.6298790814225732,1.4512711747960132,3.8666666666666667,4.4895180696244,-0.6228514029577332,2.4397543223182088,-0.8098752408956356
2019-06-30,1.8225629733199078,1.48598573520895,3.6333333333333333,4.481631200462391,-0.8482978671290575,2.28507929569004,-0.4625163223701323
2019-09-30,1.7494900832476217,1.3894333080839427,3.6,4.47470594573225,-0.8747059457322499,2.0690143220581994,-0.3195242388105777
2019-12-31,2.048597188147997,1.4035339650759167,3.6,4.46868192017881,-0.8686819201788096,1.8539615305163533,0.19463565763164392
2020-03-31,2.145041540298546,1.5499294537905328,3.8333333333333335,4.463488835113432,-0.6301555017800982,1.812632331534525,0.3324092087640209
2020-06-30,0.4093016269363388,0.5707206369536921,13.0,4.45904786766102,8.54095213233898,1.9414229462535182,-1.5321213193171794
2020-09-30,1.2229858344598554,1.1188189246270408,8.799999999999999,4.455273138473752,4.344726861526247,1.5881076096576259,-0.36512177519777045
2020-12-31,1.2421835627618967,1.2360910022576777,6.766666666666667,4.4520732691872,2.3145933974794666,1.4564815474606843,-0.21429798469878758
2021-03-31,1.903826424978372,2.032512092790295,6.233333333333333,4.45285298986988,1.780480343463453,1.2548781411141592,0.6489482838642129
2021-06-30,4.782322275059399,4.006292546603281,5.933333333333334,4.44978976629628,1.4835435670370538,1.1945743622841158,3.587747912775283
2021-09-30,5.249466758017444,4.5971847049888295,5.066666666666666,4.447010417057349,0.6196562496093172,2.2878295243148807,2.9616372337025636
2021-12-31,6.770451026354821,5.802765136166791,4.166666666666667,4.44441769129896,-0.27775102463229295,3.294449755204278,3.476001271150543
2022-03-31,8.022763153166501,6.5814614627614105,3.8666666666666667,4.441916779223741,-0.5752501125570739,4.676516621102509,3.346246532063992
2022-06-30,8.583094356508363,6.907591025907486,3.6333333333333333,4.44046672936978,-0.8071333960364471,6.206250803149541,2.376843553358822
2022-09-30,8.292420934124914,6.685939317519943,3.533333333333333,4.4389317490436095,-0.9055984157102763,7.156443823511783,1.1359771106131316
2022-12-31,7.0954236055280475,6.004048752029245,3.5666666666666664,4.43723236707892,-0.8705657004122536,7.91718236753865,-0.8217587620106022
2023-03-31,5.734239539662382,5.044603862437154,3.533333333333333,4.43529644125222,-0.9019631079188866,7.9984255123319565,-2.2641859726695746
2023-06-30,4.050849394502169,3.92133225128705,3.533333333333333,4.43350999614073,-0.9001766628073966,7.426294608955927,-3.375445214453758
2023-09-30,3.56582023668428,3.429998313295824,3.6333333333333333,4.4313678808796295,-0.7980345475462962,6.293233368454378,-2.727413131770098
2023-12-31,3.2335073757208863,2.851872525297528,3.8000000000000003,4.42882424008579,-0.6288242400857897,5.111583194094219,-1.878075818373333
2024-03-31,3.2440840134059754,2.7772493696811265,3.8333333333333335,4.42567965718569,-0.5923463238523561,4.146104136642429,-0.9020201232364538
2024-06-30,3.1917772196232925,2.6787334540742265,3.9666666666666663,4.42215707526542,-0.45549040859875367,3.5235652550783274,-0.3317880354550349
2024-09-30,2.6583677719306698,2.422712723926209,4.166666666666667,4.418184956226237,-0.25151828955957,3.308797211358609,-0.6504294394279393
2024-12-31,2.7230024942220523,2.5978635461016233,4.133333333333333,4.413737266101202,-0.2804039327678689,3.081934095170206,-0.3589316009481536
2025-03-31,2.7248477394889483,2.5590992915925557,4.133333333333334,4.40904868088454,-0.2757153475512064,2.954307874795498,-0.22946013530654952
2025-06-30,2.461035734512048,2.443008347663689,4.2,4.40690622022857,-0.20690622022856964,2.8244988063162406,-0.3634630718041927
2025-09-30,2.9012604599706933,2.7135368544205654,4.333333333333333,4.40419970826884,-0.07086637493550718,2.6418134350384292,0.259447024932264
2025-12-31,2.674874015525852,2.8036179584233807,4.45,4.40184121264107,0.04815878735892998,2.7025366070484353,-0.027662591522583213
