date,vacancies,unemployment_level,labour_force,short_term_unemployment,employment,unemployment_next,short_term_unemployment_next,job_finding_probability,separation_probability,job_finding_hazard,separation_hazard
2000-12-01,5088.0,5634.0,143248.0,2477.0,137614.0,6023.0,2648.0,0.40095846645367417,0.02406720258101658,0.5124243451296878,0.024361550043166622
2001-01-01,5234.0,6023.0,143800.0,2648.0,137777.0,6089.0,2851.0,0.462394155736344,0.026915686913142133,0.6206296188061406,0.02728454784023256
2001-02-01,5097.0,6089.0,143701.0,2851.0,137612.0,6141.0,2681.0,0.4317621941205453,0.024846120296268308,0.5652152755568042,0.02515999510023743
2001-03-01,4762.0,6141.0,143924.0,2681.0,137783.0,6271.0,2972.0,0.4627910763719264,0.02806404494810496,0.6213682031008179,0.028465366556835958
2001-04-01,4615.0,6271.0,143569.0,2972.0,137298.0,6226.0,2701.0,0.43788869398819963,0.025187113150454892,0.5760553952966517,0.025509737325090993
2001-05-01,4425.0,6226.0,143318.0,2701.0,137092.0,6484.0,2808.0,0.40957275939608095,0.025757350108559285,0.5269088675259758,0.026094879168025054
2001-06-01,4361.0,6484.0,143357.0,2808.0,136873.0,6583.0,2642.0,0.39219617520049355,0.024011094953134537,0.49790310566056306,0.024304060413509226
2001-07-01,4447.0,6583.0,143654.0,2642.0,137071.0,7042.0,2966.0,0.3808294090840042,0.02672778407132073,0.47937445312526117,0.027091466213506953
2001-08-01,4024.0,7042.0,143284.0,2966.0,136242.0,7142.0,2837.0,0.38866799204771374,0.025845996845925204,0.4921150828531667,0.026185873717095465
2001-09-01,4071.0,7142.0,143989.0,2837.0,136847.0,7694.0,3111.0,0.3583029963595632,0.027695022360349115,0.4436390436452698,0.028085760731259242
2001-10-01,3707.0,7694.0,144086.0,3111.0,136392.0,8003.0,3090.0,0.3614504808942033,0.027652856915208766,0.4485560511435922,0.028042395190762213
2001-11-01,3775.0,8003.0,144240.0,3090.0,136237.0,8258.0,3037.0,0.34761964263401224,0.026981723794991058,0.4271275169564938,0.027352413616926582
2001-12-01,3677.0,8258.0,144305.0,3037.0,136047.0,8182.0,3044.0,0.3778154516832163,0.027585789247920822,0.47451852877620665,0.027973422545679343
2002-01-01,3699.0,8182.0,143883.0,3044.0,135701.0,8215.0,2984.0,0.36066976289415786,0.026827445235504732,0.44733415511873276,0.027193869493344788
2002-02-01,3436.0,8215.0,144653.0,2984.0,136438.0,8304.0,3074.0,0.3633597078514912,0.02753247638772099,0.4515504734123999,0.027918598790310372
2002-03-01,3612.0,8304.0,144481.0,3074.0,136177.0,8599.0,2932.0,0.31755780346820806,0.02559470021434371,0.3820774492360506,0.025927943016607606
2002-04-01,3471.0,8599.0,144725.0,2932.0,136126.0,8399.0,2843.0,0.3538783579485987,0.025374871255153187,0.43676749253666214,0.02570236525557856
2002-05-01,3457.0,8399.0,144938.0,2843.0,136539.0,8393.0,2711.0,0.3234908917728301,0.023686281056556485,0.3908093677114938,0.023971310873982226
2002-06-01,3412.0,8393.0,144808.0,2711.0,136415.0,8390.0,2891.0,0.34481115215060165,0.025607572352277494,0.4228317675750128,0.025941153354194488
2002-07-01,3367.0,8390.0,144803.0,2891.0,136413.0,8304.0,2927.0,0.35911799761620977,0.02615288514099094,0.44490992265157375,0.026500953923946295
2002-08-01,3517.0,8304.0,145009.0,2927.0,136705.0,8251.0,2772.0,0.3401974951830443,0.024433315713258515,0.41581472386725415,0.024736762171039872
2002-09-01,3301.0,8251.0,145552.0,2772.0,137301.0,8307.0,2765.0,0.32832383953460187,0.024093466074008134,0.39797895868141947,0.02438846157483971
2002-10-01,3479.0,8307.0,145314.0,2765.0,137007.0,8520.0,2950.0,0.329481160467076,0.02577851388867436,0.3997034789177419,0.026116602719128565
2002-11-01,3514.0,8520.0,145041.0,2950.0,136521.0,8640.0,2838.0,0.3190140845070423,0.02473311696919267,0.3842136551420121,0.025044119255023756
2002-12-01,3169.0,8640.0,145066.0,2838.0,136426.0,8520.0,2856.0,0.34444444444444444,0.02528991059095685,0.4222722264245456,0.025615196395693502
2003-01-01,3441.0,8520.0,145937.0,2856.0,137417.0,8618.0,2798.0,0.31690140845070425,0.024195114750591325,0.3811160790978779,0.024492625208537205
2003-02-01,3229.0,8618.0,146100.0,2798.0,137482.0,8588.0,2831.0,0.33197957762822006,0.024690089263859363,0.40343653349997377,0.02500000132490403
2003-03-01,3099.0,8588.0,146022.0,2831.0,137434.0,8842.0,2794.0,0.29576152771308806,0.023857879768077142,0.35063824113930275,0.02414708817815415
2003-04-01,3108.0,8842.0,146474.0,2794.0,137632.0,8957.0,2988.0,0.324926487220086,0.025921330927322017,0.3929336862175387,0.02626320953278965
2003-05-01,3289.0,8957.0,146500.0,2988.0,137543.0,9266.0,2906.0,0.2899408284023669,0.024710183744488384,0.34240697214102755,0.02502060471200767
2003-06-01,3390.0,9266.0,147056.0,2906.0,137790.0,9011.0,2720.0,0.3210662637599827,0.023515144061247314,0.387231746406564,0.023796037296923603
2003-07-01,2981.0,9011.0,146485.0,2720.0,137474.0,8896.0,2801.0,0.3236044834091666,0.024307821837378795,0.39097729031966544,0.024608133542140045
2003-08-01,3190.0,8896.0,146445.0,2801.0,137549.0,8921.0,2704.0,0.3011465827338129,0.0231431962160951,0.358314262221026,0.02341520494453275
2003-09-01,3091.0,8921.0,146530.0,2704.0,137609.0,8732.0,2710.0,0.3249635691066024,0.02351409078357876,0.3929886178721043,0.02379495865541258
2003-10-01,3305.0,8732.0,146716.0,2710.0,137984.0,8576.0,2656.0,0.3220338983050848,0.02294278592979892,0.3886579897917832,0.023210067681410932
2003-11-01,3324.0,8576.0,147000.0,2656.0,138424.0,8317.0,2554.0,0.32800839552238803,0.022070155923445137,0.39750943187391685,0.022317345593383674
2003-12-01,3414.0,8317.0,146729.0,2554.0,138412.0,8370.0,2685.0,0.3164602621137429,0.0230450242671993,0.38047048568405106,0.023314712205152605
2004-01-01,3424.0,8370.0,146842.0,2685.0,138472.0,8167.0,2425.0,0.3139784946236559,0.02077383433297058,0.37684630280251175,0.020992646107405626
2004-02-01,3532.0,8167.0,146709.0,2425.0,138542.0,8491.0,2637.0,0.28321293008448634,0.022173907877112393,0.3329764561064445,0.02242344467440316
2004-03-01,3525.0,8491.0,146944.0,2637.0,138453.0,8170.0,2780.0,0.36521022258862323,0.024564645878270355,0.4544613940963206,0.024871390595433866
2004-04-01,3511.0,8170.0,146850.0,2780.0,138680.0,8212.0,2723.0,0.3281517747858017,0.02348913129942206,0.39772281930415937,0.023769398465615772
2004-05-01,3710.0,8212.0,147065.0,2723.0,138853.0,8286.0,2677.0,0.3169751583049196,0.02291039480182317,0.38122404863048726,0.023176916510107597
2004-06-01,3337.0,8286.0,147460.0,2677.0,139174.0,8136.0,2820.0,0.3584359160028965,0.02468670645497071,0.4438462028042112,0.024996532885811096
2004-07-01,3814.0,8136.0,147692.0,2820.0,139556.0,7990.0,2660.0,0.3448869223205506,0.02303220137538568,0.42294742056850565,0.02330158692509334
2004-08-01,3541.0,7990.0,147564.0,2660.0,139574.0,7927.0,2758.0,0.3530663329161452,0.023996263649546334,0.4355115135642811,0.02428886434844837
2004-09-01,3821.0,7927.0,147415.0,2758.0,139488.0,8061.0,2732.0,0.32774063327866787,0.023424493341490764,0.39711105054037366,0.023703207887697256
2004-10-01,3943.0,8061.0,147793.0,2732.0,139732.0,7932.0,2638.0,0.34325766033990823,0.022790504576429206,0.4204635144965544,0.02305422267526295
2004-11-01,3472.0,7932.0,148162.0,2638.0,140230.0,7934.0,2768.0,0.34871406959152795,0.0239074285687779,0.42880651598390074,0.024197849288919156
2004-12-01,4074.0,7934.0,148059.0,2768.0,140125.0,7784.0,2635.0,0.35102092261154527,0.022807613478291314,0.4323548010281341,0.023071730744632504
2005-01-01,3804.0,7784.0,148029.0,2635.0,140245.0,7980.0,2749.0,0.3279804727646455,0.0234463910208614,0.39746788049523,0.023725631064123467
2005-02-01,3965.0,7980.0,148364.0,2749.0,140384.0,7737.0,2483.0,0.3416040100250627,0.021330491544270604,0.4179487201983693,0.021561274184638053
2005-03-01,4044.0,7737.0,148391.0,2483.0,140654.0,7672.0,2688.0,0.3558226702856404,0.02324655043587433,0.43978123408216535,0.023521013377610464
2005-04-01,4159.0,7672.0,148926.0,2688.0,141254.0,7651.0,2754.0,0.3617049009384776,0.0238013200702851,0.44895456486095686,0.024089147783932837
2005-05-01,3797.0,7651.0,149261.0,2754.0,141610.0,7524.0,2659.0,0.3641354071363221,0.022956573075341467,0.4527696426117465,0.023224178669610348
2005-06-01,4062.0,7524.0,149238.0,2659.0,141714.0,7406.0,2568.0,0.3569909622541202,0.022058313569692036,0.4415964992509485,0.022305236051863655
2005-07-01,4256.0,7406.0,149432.0,2568.0,142026.0,7345.0,2570.0,0.3552524979746152,0.02200371583727835,0.43889650855872747,0.02224940837915754
2005-08-01,4142.0,7345.0,149779.0,2570.0,142434.0,7553.0,2763.0,0.34785568413887,0.023482764849360196,0.42748939820301685,0.023762878897311216
2005-09-01,4352.0,7553.0,149954.0,2763.0,142401.0,7453.0,2719.0,0.37322918045809617,0.023474685932865665,0.46717432423951877,0.023754605737570978
2005-10-01,4184.0,7453.0,150001.0,2719.0,142548.0,7566.0,2823.0,0.3636119683348987,0.02420435148654144,0.45194678900411217,0.024502091014464582
2005-11-01,4248.0,7566.0,150065.0,2823.0,142499.0,7279.0,2588.0,0.37998942638117894,0.022421496814730407,0.4780187468645165,0.02267668018334612
2005-12-01,4282.0,7279.0,150030.0,2588.0,142751.0,7064.0,2527.0,0.3767000961670559,0.021810082853645565,0.472727489454294,0.022051438488422587
2006-01-01,4397.0,7064.0,150214.0,2527.0,143150.0,7184.0,2577.0,0.3478199320498301,0.021791929406510844,0.4274345773478789,0.02203288045754236
2006-02-01,4325.0,7184.0,150641.0,2577.0,143457.0,7072.0,2659.0,0.3857182628062361,0.02296398502278482,0.48730160071248835,0.02323176479664741
2006-03-01,4732.0,7072.0,150813.0,2659.0,143741.0,7120.0,2665.0,0.3700509049773756,0.02274953404968202,0.4621162644125697,0.023012297511726332
2006-04-01,4790.0,7120.0,150881.0,2665.0,143761.0,6980.0,2545.0,0.3771067415730337,0.02181658352493432,0.47338010966234156,0.022058084123156057
2006-05-01,4463.0,6980.0,151069.0,2545.0,144089.0,7001.0,2705.0,0.3845272206303725,0.023241641247353798,0.4853645595677175,0.023515987363946618
2006-06-01,4614.0,7001.0,151354.0,2705.0,144353.0,7175.0,2721.0,0.3638051706899015,0.02304080813969773,0.4522504271598847,0.023310396634313817
2006-07-01,4394.0,7175.0,151377.0,2721.0,144202.0,7091.0,2603.0,0.3744947735191637,0.022209792941682904,0.46919559342528955,0.022460144168664445
2006-08-01,4710.0,7091.0,151716.0,2603.0,144625.0,6847.0,2608.0,0.40219997179523337,0.022572090677948648,0.5144989819513595,0.022830739896452592
2006-09-01,4737.0,6847.0,151662.0,2608.0,144815.0,6727.0,2616.0,0.39959106177888126,0.02257476398209302,0.5101442922231845,0.022833474939901503
2006-10-01,4591.0,6727.0,152041.0,2616.0,145314.0,6872.0,2511.0,0.3517169614984391,0.02096705629314325,0.43342789018283934,0.021189986653275993
2006-11-01,4645.0,6872.0,152406.0,2511.0,145534.0,6762.0,2596.0,0.39377182770663566,0.02221073746981747,0.5004988418431741,0.022461110151534746
2006-12-01,4620.0,6762.0,152732.0,2596.0,145970.0,7116.0,2561.0,0.32638272700384496,0.020966204459091066,0.39509317357377255,0.021189116576648768
2007-01-01,4763.0,7116.0,153144.0,2561.0,146028.0,6927.0,2574.0,0.3882799325463744,0.021873223357327026,0.49148050723342823,0.02211598887937293
2007-02-01,4699.0,6927.0,152983.0,2574.0,146056.0,6731.0,2307.0,0.36133968528944704,0.019278322963723053,0.44838255482043426,0.019466573191683562
2007-03-01,4962.0,6731.0,153051.0,2307.0,146320.0,6850.0,2456.0,0.3471995245877284,0.020311137049164214,0.42648374706615755,0.02052024451198004
2007-04-01,4689.0,6850.0,152435.0,2456.0,145585.0,6766.0,2464.0,0.3719708029197081,0.02079178995305587,0.46516862142859566,0.021010982815858517
2007-05-01,4657.0,6766.0,152670.0,2464.0,145904.0,6979.0,2551.0,0.3455512858409695,0.021135861128900868,0.42396205551212623,0.02136242149438993
2007-06-01,4859.0,6979.0,153041.0,2551.0,146062.0,7149.0,2502.0,0.33414529302192286,0.020565673546844312,0.40668378993217325,0.020780091876851203
2007-07-01,4598.0,7149.0,153054.0,2502.0,145905.0,7067.0,2614.0,0.3771156805147573,0.02207892071372996,0.47339446044514943,0.02232630822972797
2007-08-01,4546.0,7067.0,152749.0,2614.0,145682.0,7170.0,2557.0,0.34724777133154094,0.021239636368799525,0.4265576571330338,0.0214684430933873
2007-09-01,4652.0,7170.0,153414.0,2557.0,146244.0,7237.0,2545.0,0.3456066945606695,0.0210378309559967,0.4240467238203,0.021262279645657203
2007-10-01,4636.0,7237.0,153183.0,2545.0,145946.0,7240.0,2645.0,0.3650683985076689,0.022169907804499126,0.45423800007634024,0.022419353901551215
2007-11-01,4646.0,7240.0,153835.0,2645.0,146595.0,7645.0,2718.0,0.31947513812154693,0.022065580045347796,0.3848909228357989,0.02231266645671606
2007-12-01,4545.0,7645.0,153918.0,2718.0,146273.0,7685.0,2554.0,0.32884238064094184,0.020896295760364468,0.39875126742119793,0.02111771331843617
2008-01-01,4624.0,7685.0,154063.0,2554.0,146378.0,7497.0,2653.0,0.3696811971372804,0.022234066448684836,0.4615295512997134,0.022484969338854254
2008-02-01,4279.0,7497.0,153653.0,2653.0,146156.0,7822.0,2823.0,0.3331999466453248,0.023176119387843672,0.40526504808949176,0.02344890868334191
2008-03-01,4225.0,7822.0,153908.0,2823.0,146086.0,7637.0,2493.0,0.34236768090002556,0.020589958474885664,0.4191092893980041,0.020804887035098165
2008-04-01,4035.0,7637.0,153769.0,2493.0,146132.0,8395.0,3278.0,0.3299725022914757,0.026863957681314426,0.4004365260832923,0.027231389181505954
2008-05-01,4194.0,8395.0,154303.0,3278.0,145908.0,8575.0,2753.0,0.3064919594997022,0.02228280396776042,0.36599244520607266,0.022534816374963487
2008-06-01,3830.0,8575.0,154313.0,2753.0,145738.0,8937.0,2854.0,0.2906122448979592,0.022912399366224086,0.34335299771343536,0.023178968078813787
2008-07-01,3749.0,8937.0,154469.0,2854.0,145532.0,9438.0,3256.0,0.3082689940695983,0.026449933533285248,0.36855811868933036,0.026806026147986307
2008-08-01,3674.0,9438.0,154641.0,3256.0,145203.0,9494.0,2848.0,0.29582538673447767,0.023018673872871747,0.3507289233717933,0.023287740604999548
2008-09-01,3222.0,9494.0,154570.0,2848.0,145076.0,10074.0,3170.0,0.27280387613229407,0.025301835647714693,0.31855906634799946,0.025627430935826367
2008-10-01,3377.0,10074.0,154876.0,3170.0,144802.0,10538.0,3335.0,0.2849910661107802,0.02685869372076486,0.3354602414162328,0.02722597992104945
2008-11-01,3231.0,10538.0,154639.0,3335.0,144101.0,11286.0,3255.0,0.23790092996773582,0.025637972179571374,0.2716787185807689,0.025972352592467985
2008-12-01,3146.0,11286.0,154655.0,3255.0,143369.0,12058.0,3524.0,0.24384192805245442,0.027992844725139934,0.2795048347811402,0.028392113154903947
2009-01-01,2738.0,12058.0,154210.0,3524.0,142152.0,12898.0,3450.0,0.21645380660142644,0.02721521405104307,0.24392526117215263,0.0275924073364495
2009-02-01,2864.0,12898.0,154538.0,3450.0,141640.0,13426.0,3465.0,0.22770972243758725,0.02760657068400823,0.25839479242515706,0.027994793745236612
2009-03-01,2534.0,13426.0,154133.0,3465.0,140707.0,13853.0,3338.0,0.21681811410695662,0.02660755573975915,0.24439031636189665,0.026967943827578625
2009-04-01,2295.0,13853.0,154509.0,3338.0,140656.0,14499.0,3246.0,0.18768497798310835,0.025467514270037638,0.20786705590788201,0.02579742479747115
2009-05-01,2549.0,14499.0,154747.0,3246.0,140248.0,14707.0,3114.0,0.20042761569763434,0.02467644577972051,0.22367821384279235,0.02498601255214463
2009-06-01,2503.0,14707.0,154716.0,3114.0,140009.0,14601.0,3137.0,0.22050724144964984,0.02518212269524132,0.24911188039230595,0.025504617940122994
2009-07-01,2232.0,14601.0,154502.0,3137.0,139901.0,14814.0,2940.0,0.18676802958701455,0.023179450673060934,0.20673888367094323,0.023452319012433744
2009-08-01,2338.0,14814.0,154307.0,2940.0,139493.0,15009.0,2841.0,0.1786148238153098,0.022363872995948775,0.19676312463410567,0.022617736456239563
2009-09-01,2487.0,15009.0,153827.0,2841.0,138818.0,15352.0,3223.0,0.19188486907855284,0.025681384763085534,0.21305074184743414,0.026016908465361793
2009-10-01,2406.0,15352.0,153784.0,3223.0,138432.0,15219.0,2816.0,0.1920922355393434,0.022503490310043138,0.21330737987220627,0.0227605577786515
2009-11-01,2503.0,15219.0,153878.0,2816.0,138659.0,15098.0,2879.0,0.19712201852946976,0.023033358228053177,0.21955252991827742,0.023302771051483234
2009-12-01,2568.0,15098.0,153111.0,2879.0,138013.0,15046.0,2921.0,0.19691349847661943,0.023476048293026183,0.21929284789388623,0.023756000848472063
2010-01-01,2837.0,15046.0,153484.0,2921.0,138438.0,15113.0,2807.0,0.1821082015153529,0.02230740548242166,0.20102522681973123,0.02255997889054609
2010-02-01,2666.0,15113.0,153694.0,2807.0,138581.0,15202.0,2769.0,0.1773307748296169,0.021925090755300924,0.1952010726171831,0.022169017560781643
2010-03-01,2679.0,15202.0,153954.0,2769.0,138752.0,15325.0,2725.0,0.17116168925141428,0.021477411572569972,0.18773018418641638,0.02171140766290961
2010-04-01,3153.0,15325.0,154622.0,2725.0,139297.0,14849.0,2773.0,0.21200652528548125,0.022267536480753497,0.23826546997768275,0.022519201054024225
2010-05-01,2988.0,14849.0,154091.0,2773.0,139242.0,14474.0,2683.0,0.20593979392551687,0.0214804513437469,0.23059599431938813,0.021714514158287845
2010-06-01,2801.0,14474.0,153616.0,2683.0,139142.0,14512.0,2806.0,0.1912394638662429,0.022298638499777073,0.21225240557490677,0.02255101191729994
2010-07-01,3082.0,14512.0,153691.0,2806.0,139179.0,14648.0,2671.0,0.17468302094818078,0.021027705129743952,0.191987749407411,0.021251936269574438
2010-08-01,2999.0,14648.0,154086.0,2671.0,139438.0,14579.0,2819.0,0.1971600218459858,0.022427803715750462,0.21959986490172873,0.022683131758686876
2010-09-01,2918.0,14579.0,153975.0,2819.0,139396.0,14516.0,2655.0,0.18643253995472941,0.021004410361035022,0.20632643007554616,0.021228141427080516
2010-10-01,3235.0,14516.0,153635.0,2655.0,139119.0,15081.0,2912.0,0.16168365941030582,0.0227727076821281,0.17635975499616086,0.0230360108871783
2010-11-01,3211.0,15081.0,154125.0,2912.0,139044.0,14348.0,2693.0,0.22717326437238905,0.021849816975389316,0.25770040089082735,0.022092059361803182
2010-12-01,3058.0,14348.0,153650.0,2693.0,139302.0,14013.0,2686.0,0.21055199330917196,0.021550610019404438,0.23642130345145954,0.021786215526973303
2011-01-01,3104.0,14013.0,153263.0,2686.0,139250.0,13820.0,2469.0,0.18996645971597803,0.019591570857577584,0.21067962441487834,0.019786029708649566
2011-02-01,3226.0,13820.0,153214.0,2469.0,139394.0,13737.0,2535.0,0.1894356005788712,0.020088610672048316,0.2100244845518833,0.020293130458678987
2011-03-01,3261.0,13737.0,153376.0,2535.0,139639.0,13957.0,2787.0,0.18686758389750313,0.022015609422762757,0.2068613092619588,0.022261569629662872
2011-04-01,3259.0,13957.0,153543.0,2787.0,139586.0,13855.0,2668.0,0.19846671920899905,0.021219330109488493,0.22122878466171378,0.021447696392333248
2011-05-01,3179.0,13855.0,153479.0,2668.0,139624.0,13962.0,2933.0,0.20396968603392274,0.02339205198432536,0.22811801099093185,0.02366998893216008
2011-06-01,3455.0,13962.0,153346.0,2933.0,139384.0,13763.0,2632.0,0.2027646468987251,0.021013481115817658,0.2266053450371209,0.02123740683838659
2011-07-01,3623.0,13763.0,153288.0,2632.0,139525.0,13818.0,2650.0,0.1885490082104192,0.02096994298063048,0.20893128597737876,0.021192935166665157
2011-08-01,3329.0,13818.0,153760.0,2650.0,139942.0,13948.0,2754.0,0.18989723548994064,0.021744159422076536,0.2105941695974353,0.02198404747455603
2011-09-01,3774.0,13948.0,154131.0,2754.0,140183.0,13594.0,2668.0,0.2166618870088901,0.02134453901847344,0.24419085883987876,0.02157562793214797
2011-10-01,3619.0,13594.0,153961.0,2668.0,140367.0,13302.0,2556.0,0.20950419302633516,0.020340073540872042,0.23509492661781675,0.020549781357963086
2011-11-01,3565.0,13302.0,154128.0,2556.0,140826.0,13093.0,2678.0,0.217035032325966,0.02133118166865392,0.24466732514929407,0.021561979350805675
2011-12-01,3768.0,13093.0,153995.0,2678.0,140902.0,12797.0,2474.0,0.21156343084090734,0.019635365588850442,0.2377033207621632,0.019830700590858414
2012-01-01,3909.0,12797.0,154381.0,2474.0,141584.0,12813.0,2610.0,0.20270375869344381,0.02051335326516875,0.22652897376229084,0.020726674426730325
2012-02-01,3616.0,12813.0,154671.0,2610.0,141858.0,12713.0,2708.0,0.21915242332006557,0.021438681555046323,0.2473753124917424,0.021671828350655595
2012-03-01,3979.0,12713.0,154749.0,2708.0,142036.0,12646.0,2624.0,0.21167309053724537,0.020660864123117795,0.23784241543045254,0.0208772859405641
2012-04-01,3793.0,12646.0,154545.0,2624.0,141899.0,12660.0,2550.0,0.20053771943697607,0.019973220364374968,0.22381592660404134,0.02017538153207107
2012-05-01,3835.0,12660.0,154866.0,2550.0,142206.0,12692.0,2747.0,0.21445497630331756,0.02163714366685876,0.24137750441009465,0.02187465901221185
2012-06-01,3911.0,12692.0,155083.0,2747.0,142391.0,12656.0,2662.0,0.21257485029940115,0.020918360462786386,0.2389869607989358,0.021140249185628696
2012-07-01,3735.0,12656.0,154948.0,2662.0,142292.0,12471.0,2784.0,0.2345922882427307,0.022165305606141213,0.2673466305810502,0.02241464737066772
2012-08-01,3809.0,12471.0,154763.0,2784.0,142292.0,12115.0,2538.0,0.23205837543099994,0.020177771923202793,0.26404155839912785,0.020384123694110717
2012-09-01,3882.0,12115.0,155160.0,2538.0,143045.0,12124.0,2635.0,0.2167560874948411,0.020659850903726847,0.24431112127686758,0.020876251346081252
2012-10-01,3775.0,12124.0,155554.0,2635.0,143430.0,12005.0,2620.0,0.225915539425932,0.02059287563486255,0.2560742891570845,0.02080786552643231
2012-11-01,3878.0,12005.0,155338.0,2620.0,143333.0,12298.0,2756.0,0.205164514785506,0.021425865324490236,0.22962012257930126,0.021658731423168192
2012-12-01,3970.0,12298.0,155628.0,2756.0,143330.0,12471.0,2780.0,0.21198568872987478,0.02169535196678085,0.23823902777886496,0.021934156397239578
2013-01-01,3923.0,12471.0,155763.0,2780.0,143292.0,11950.0,2713.0,0.2593216261727207,0.021754009374788736,0.30018879132813703,0.021994116417559502
2013-02-01,4004.0,11950.0,155312.0,2713.0,143362.0,11689.0,2462.0,0.22786610878661084,0.019381503405911424,0.25859730978110085,0.019571787415784803
2013-03-01,4076.0,11689.0,155005.0,2462.0,143316.0,11760.0,2487.0,0.20669005047480538,0.01935333189805793,0.2315412768075443,0.01954305952282822
2013-04-01,3988.0,11760.0,155394.0,2487.0,143634.0,11654.0,2674.0,0.23639455782312924,0.02111216216820452,0.2697040601563726,0.021338211113320703
2013-05-01,4145.0,11654.0,155536.0,2674.0,143882.0,11751.0,2680.0,0.22164063840741377,0.020947818300846282,0.25056695708807536,0.021170336851489568
2013-06-01,4150.0,11751.0,155749.0,2680.0,143998.0,11335.0,2493.0,0.24755339971066292,0.019758365763464774,0.2844252479477525,0.019956172162323437
2013-07-01,3885.0,11335.0,155599.0,2493.0,144264.0,11279.0,2475.0,0.22329069254521394,0.0193121600418598,0.25268912029527707,0.019501076010036308
2013-08-01,4085.0,11279.0,155605.0,2475.0,144326.0,11270.0,2604.0,0.23166947424417061,0.02040623840889831,0.26353526634006214,0.020617322247083233
2013-09-01,4128.0,11270.0,155687.0,2604.0,144417.0,11136.0,2823.0,0.2623779946761313,0.022499208838735803,0.3043237735027339,0.02275617775080647
2013-10-01,4222.0,11136.0,154673.0,2823.0,143537.0,10787.0,2409.0,0.24766522988505746,0.019155163014389267,0.2845738810672207,0.0193410001370711
2013-11-01,4119.0,10787.0,155265.0,2409.0,144478.0,10404.0,2328.0,0.2513210345786595,0.01842897430565401,0.289445004942701,0.01860090344738106
2013-12-01,4121.0,10404.0,155182.0,2328.0,144778.0,10202.0,2473.0,0.25711264898116104,0.01960118019176035,0.2972108594616711,0.019795831114869364
2014-01-01,4127.0,10202.0,155352.0,2473.0,145150.0,10349.0,2376.0,0.21848657126053717,0.018376817038390773,0.24652294598037644,0.01854776834027292
2014-02-01,4373.0,10349.0,155483.0,2376.0,145134.0,10380.0,2433.0,0.2320997197796889,0.018964664978062373,0.26409539772799373,0.019146800675102275
2014-03-01,4388.0,10380.0,156028.0,2433.0,145648.0,9702.0,2424.0,0.29884393063583814,0.01956653512194734,0.3550247785477745,0.019760494008185445
2014-04-01,4566.0,9702.0,155369.0,2424.0,145667.0,9859.0,2586.0,0.25036075036075034,0.020293120186070487,0.2881631886506211,0.02050185428819726
2014-05-01,4747.0,9859.0,155684.0,2586.0,145825.0,9460.0,2417.0,0.2856273455725733,0.01933612434428273,0.336350527829631,0.019525512527192666
2014-06-01,4982.0,9460.0,155707.0,2417.0,146247.0,9608.0,2601.0,0.2593023255813953,0.02043431259326793,0.30016273367539004,0.020645981664657337
2014-07-01,4846.0,9608.0,156007.0,2601.0,146399.0,9599.0,2620.0,0.2736261448792673,0.020732817579194613,0.31969044474266783,0.020950760079227887
2014-08-01,5349.0,9599.0,156130.0,2620.0,146531.0,9262.0,2365.0,0.2814876549640588,0.01878360604315539,0.33057239193224575,0.018962258668848007
2014-09-01,4914.0,9262.0,156040.0,2365.0,146778.0,8990.0,2494.0,0.2986396026776075,0.019974189215088502,0.35473340519918345,0.020176370128722275
2014-10-01,5012.0,8990.0,156417.0,2494.0,147427.0,9090.0,2474.0,0.26407119021134595,0.019333957160626077,0.30662189076213875,0.01952330261478964
2014-11-01,4843.0,9090.0,156494.0,2474.0,147404.0,8717.0,2370.0,0.30176017601760174,0.018935206769358788,0.3591926478650544,0.0191167734524528
2014-12-01,5130.0,8717.0,156332.0,2370.0,147615.0,8885.0,2393.0,0.25524836526327865,0.01858269032240364,0.29470449237709423,0.018757517742325105
2015-01-01,5344.0,8885.0,157030.0,2393.0,148145.0,8599.0,2392.0,0.3014068655036578,0.019011431027099623,0.3586867741750989,0.01919447190780325
2015-02-01,5466.0,8599.0,156644.0,2392.0,148045.0,8515.0,2444.0,0.2939876729852309,0.019353311552984715,0.34812258128046253,0.019543038776239603
2015-03-01,5210.0,8515.0,156643.0,2444.0,148128.0,8550.0,2716.0,0.31485613623018205,0.021761339220160283,0.37812644266912193,0.022001609290418295
2015-04-01,5598.0,8550.0,157060.0,2716.0,148510.0,8834.0,2471.0,0.25578947368421057,0.019078671918973694,0.2954313186980138,0.019263018268674735
2015-05-01,5563.0,8834.0,157651.0,2471.0,148817.0,8247.0,2309.0,0.3278243151460267,0.018557500425037298,0.3972355368327667,0.018731851215098877
2015-06-01,5248.0,8247.0,157062.0,2309.0,148815.0,8167.0,2574.0,0.32181399296713953,0.020613499827830613,0.3883336820117674,0.020828923582483207
2015-07-01,6056.0,8167.0,156997.0,2574.0,148830.0,7992.0,2073.0,0.2752540712623974,0.016151530711378943,0.3219341286675506,0.016283388413658492
2015-08-01,5467.0,7992.0,157172.0,2073.0,149180.0,7907.0,2364.0,0.3064314314314315,0.01871389033600404,0.3659051709085848,0.01889121090503415
2015-09-01,5488.0,7907.0,156733.0,2364.0,148826.0,7922.0,2372.0,0.2980902997344126,0.018729636870641945,0.3539505153304469,0.018907257867102796
2015-10-01,5773.0,7922.0,157167.0,2372.0,149245.0,8000.0,2382.0,0.2908356475637466,0.018676183664573034,0.34366797051767306,0.01885278587626391
2015-11-01,5708.0,8000.0,157463.0,2382.0,149463.0,7907.0,2399.0,0.3115,0.019011898347738244,0.37323996081342753,0.019194948285168604
2015-12-01,5845.0,7907.0,158035.0,2399.0,150128.0,7627.0,2166.0,0.3093461489819147,0.017067584075712003,0.37011651991877326,0.017214914073137577
2016-01-01,6012.0,7627.0,158280.0,2166.0,150653.0,7702.0,2235.0,0.28320440540186176,0.01728268238056185,0.33296456326923923,0.01743377128054109
2016-02-01,5770.0,7702.0,158640.0,2235.0,150938.0,7961.0,2419.0,0.2804466372370813,0.01864024495263504,0.32912458895193053,0.01881616386294906
2016-03-01,6129.0,7961.0,159179.0,2419.0,151218.0,8067.0,2594.0,0.312523552317548,0.02033100080504952,0.37472770794466,0.020540520293418185
2016-04-01,5803.0,8067.0,159141.0,2594.0,151074.0,7652.0,2264.0,0.33209371513573815,0.017969874531501975,0.4036074074067197,0.01813329343172622
2016-05-01,5777.0,7652.0,158784.0,2264.0,151132.0,7744.0,2396.0,0.30109775222164137,0.018663452631321777,0.3582443923383096,0.018839812634956474
2016-06-01,5742.0,7744.0,158967.0,2396.0,151223.0,7641.0,2203.0,0.29777892561983466,0.017116331156253467,0.35350700376399685,0.017264508825087333
2016-07-01,5962.0,7641.0,159194.0,2203.0,151553.0,7784.0,2285.0,0.28032979976442873,0.017535029338712285,0.328962227139752,0.017690589145267704
2016-08-01,5677.0,7784.0,159562.0,2285.0,151778.0,7953.0,2600.0,0.3123072970195272,0.020300238729318923,0.37441319347245966,0.02050912030751067
2016-09-01,5868.0,7953.0,159714.0,2600.0,151761.0,7811.0,2434.0,0.32390292971205836,0.01913776524665691,0.39141861814745715,0.0193232627613095
2016-10-01,5591.0,7811.0,159605.0,2434.0,151794.0,7553.0,2404.0,0.34080143387530404,0.019090244462239843,0.41673047556415593,0.019274815964575174
2016-11-01,5971.0,7553.0,159506.0,2404.0,151953.0,7521.0,2354.0,0.3159009665033762,0.01839753122934777,0.3796525860262634,0.018568870541071376
2016-12-01,5964.0,7521.0,159678.0,2354.0,152157.0,7468.0,2424.0,0.32934450206089616,0.01907145247363604,0.3994996897415929,0.019255658434033512
2017-01-01,5617.0,7468.0,159620.0,2424.0,152152.0,7379.0,2511.0,0.34815211569362614,0.019981541599911452,0.42794405055419543,0.02018387239276659
2017-02-01,5923.0,7379.0,159859.0,2511.0,152480.0,7073.0,2327.0,0.356823417807291,0.018575018660551054,0.4413359700626578,0.018749700851597065
2017-03-01,5811.0,7073.0,160137.0,2327.0,153064.0,7089.0,2324.0,0.3263113247561148,0.018143387798910088,0.3949871809476874,0.018309997377561196
2017-04-01,6091.0,7089.0,160345.0,2324.0,153256.0,7000.0,2116.0,0.31104528142192134,0.016349714246520663,0.3725797306244223,0.01648484575669783
2017-05-01,5826.0,7000.0,160068.0,2116.0,153068.0,6873.0,2321.0,0.34971428571428576,0.018376448770401465,0.43034345223128356,0.018547393178065447
2017-06-01,6305.0,6873.0,160192.0,2321.0,153319.0,6892.0,2075.0,0.29914156845627815,0.015914168478273698,0.35544936449138437,0.016042158577724893
2017-07-01,6238.0,6892.0,160462.0,2075.0,153570.0,7082.0,2258.0,0.30005803830528144,0.017298699509764787,0.3567578592407988,0.017450070229839434
2017-08-01,6276.0,7082.0,160586.0,2258.0,153504.0,6854.0,2245.0,0.34919514261508044,0.017718661285163348,0.4295454399513407,0.017877516023419287
2017-09-01,6320.0,6854.0,161140.0,2245.0,154286.0,6700.0,2126.0,0.332652465713452,0.0165287725905811,0.40444432785182766,0.016666896884049966
2017-10-01,6408.0,6700.0,160309.0,2126.0,153609.0,6774.0,2278.0,0.32895522388059706,0.017749207491594095,0.3989194138055305,0.017908613714261525
2017-11-01,6271.0,6774.0,160579.0,2278.0,153805.0,6632.0,2237.0,0.3511957484499557,0.017642349734140774,0.43262422325843963,0.01779983096118753
2017-12-01,6336.0,6632.0,160535.0,2237.0,153903.0,6489.0,2214.0,0.35539806996381185,0.017494427346640112,0.43912231544427033,0.017649263342989302
2018-01-01,6621.0,6489.0,160914.0,2214.0,154425.0,6581.0,2469.0,0.36631222068115277,0.019573316344334905,0.4561989074861675,0.019767410587516878
2018-02-01,6552.0,6581.0,161778.0,2469.0,155197.0,6472.0,2303.0,0.3665096489895153,0.018168707708477342,0.4565105105753223,0.01833578549746633
2018-03-01,6818.0,6472.0,161686.0,2303.0,155214.0,6459.0,2142.0,0.33297280593325096,0.01655678031925409,0.40492446318285014,0.016695375731939174
2018-04-01,6877.0,6459.0,161771.0,2142.0,155312.0,6196.0,1997.0,0.3498993652268153,0.015584490799026603,0.43062810534827944,0.015707205610704444
2018-05-01,7016.0,6196.0,161848.0,1997.0,155652.0,6447.0,2269.0,0.32569399612653327,0.017413054191454592,0.3940712594202482,0.017566444692500804
2018-06-01,7230.0,6447.0,162210.0,2269.0,155763.0,6195.0,1968.0,0.34434620753838996,0.015262344718176127,0.42212238474383024,0.015380013100203073
2018-07-01,7190.0,6195.0,162341.0,1968.0,156146.0,6156.0,2241.0,0.3680387409200968,0.017588594802528456,0.4589271856383393,0.01774511213153551
2018-08-01,7208.0,6156.0,161660.0,2241.0,155504.0,6073.0,2074.0,0.35038986354775825,0.01617021768109277,0.4313828861119514,0.016302382341856988
2018-09-01,7411.0,6073.0,162087.0,2074.0,156014.0,6211.0,2055.0,0.3156594763708217,0.015640417890760264,0.37929964367845737,0.0157640197099843
2018-10-01,7304.0,6211.0,162602.0,2055.0,156391.0,6115.0,2168.0,0.3645145709225568,0.016952386198983857,0.45336611689645595,0.0170977227740214
2018-11-01,7594.0,6115.0,162836.0,2168.0,156721.0,6389.0,2149.0,0.3066230580539656,0.016195172387757528,0.3661814998952692,0.01632774752555537
2018-12-01,7489.0,6389.0,163206.0,2149.0,156817.0,6475.0,2336.0,0.3521677883862889,0.01807992833417644,0.4341235488536109,0.018245367355953262
2019-01-01,7502.0,6475.0,162963.0,2336.0,156488.0,6136.0,2252.0,0.4001544401544401,0.01799033628378451,0.5110830571565229,0.018154129824548757
2019-02-01,7066.0,6136.0,162999.0,2252.0,156863.0,6202.0,2174.0,0.3435462842242504,0.016733612713428336,0.4209030892086393,0.01687520135949936
2019-03-01,7317.0,6202.0,162904.0,2174.0,156702.0,5961.0,1966.0,0.355852950661077,0.015261538349390587,0.43982824146001914,0.015379194233928325
2019-04-01,7272.0,5961.0,162586.0,1966.0,156625.0,5930.0,2114.0,0.3598389531957725,0.016458391973409262,0.4460354986517494,0.016595335971041212
2019-05-01,7275.0,5930.0,162751.0,2114.0,156821.0,5935.0,1889.0,0.3177065767284991,0.014320427653721135,0.3822954742640803,0.014423954532510507
2019-06-01,7194.0,5935.0,163168.0,1889.0,157233.0,6061.0,2110.0,0.3342881213142376,0.016112720264428206,0.4068983166323777,0.016243941605849042
2019-07-01,7042.0,6061.0,163590.0,2110.0,157529.0,5945.0,2268.0,0.39333443326183803,0.01792202354690107,0.4997776006500131,0.018084568023421493
2019-08-01,7178.0,5945.0,163774.0,2268.0,157829.0,5753.0,1849.0,0.3433137089991589,0.01414294405611923,0.420548861591899,0.01424390857695017
2019-09-01,7124.0,5753.0,164092.0,1849.0,158339.0,5871.0,1922.0,0.3135755258126195,0.01439556069450518,0.376259075576644,0.014500182047547746
2019-10-01,7289.0,5871.0,164416.0,1922.0,158545.0,5868.0,2067.0,0.35258048032703115,0.015827550741165375,0.43476078707493715,0.015954143973127485
2019-11-01,6888.0,5868.0,164496.0,2067.0,158628.0,5853.0,2090.0,0.3587252897068848,0.016055179131355603,0.44429734866943504,0.016185459855224755
2019-12-01,6699.0,5853.0,164699.0,2090.0,158846.0,5869.0,2050.0,0.3475140953357253,0.015619596476060009,0.42696574206570476,0.015742867689044027
2020-01-01,7124.0,5869.0,164377.0,2050.0,158508.0,5753.0,2088.0,0.3755324586812063,0.016218036208411214,0.4708559262375826,0.01635098799530705
2020-02-01,6966.0,5753.0,164467.0,2088.0,158714.0,7206.0,3422.0,0.34225621414913954,0.026012216209700113,0.4189398066915245,0.026356517728011085
2020-04-01,4606.0,23084.0,156269.0,14263.0,133185.0,20929.0,3867.0,0.260873332178132,0.033390093721830175,0.30228596836221694,0.033960271042902244
2020-05-01,5612.0,20929.0,158101.0,3867.0,137172.0,17652.0,2909.0,0.29557073916575083,0.024884519813610777,0.350367363140158,0.02519937378108754
2020-06-01,6129.0,17652.0,159994.0,2909.0,142342.0,16352.0,3140.0,0.2515295717199184,0.025232965189112687,0.2897235838787575,0.025556775190178564
2020-07-01,6530.0,16352.0,160132.0,3140.0,143780.0,13461.0,2316.0,0.31843199608610573,0.019158241180528536,0.3833592471834618,0.01934413842240766
2020-08-01,6429.0,13461.0,160706.0,2316.0,147245.0,12554.0,2557.0,0.2573360077260233,0.01992996378904198,0.2975115676769123,0.02013124434967243
2020-09-01,6511.0,12554.0,160174.0,2557.0,147620.0,11072.0,2480.0,0.31559662259040944,0.019947587185961003,0.3792078021288311,0.0201492262843503
2020-10-01,6798.0,11072.0,161003.0,2480.0,149931.0,10694.0,2491.0,0.25912210982658956,0.019087276991341655,0.29991945785470087,0.019271790746003523
2020-11-01,6820.0,10694.0,160629.0,2491.0,149935.0,10770.0,2913.0,0.2652889470731251,0.02239960245687979,0.3082779823328553,0.022654283912760982
2020-12-01,6773.0,10770.0,160745.0,2913.0,149975.0,10260.0,2277.0,0.25877437325905295,0.017438900724375515,0.2994502105046354,0.01759274961439925
2021-01-01,7162.0,10260.0,160081.0,2277.0,149821.0,10013.0,2181.0,0.23664717348927877,0.016511014220355284,0.27003493451441424,0.016648840219652565
2021-02-01,7827.0,10013.0,160248.0,2181.0,150235.0,9772.0,2162.0,0.23998801557974636,0.01635305656236635,0.2744210768520713,0.016488243632520654
2021-03-01,8499.0,9772.0,160439.0,2162.0,150667.0,9754.0,2418.0,0.24928366762177645,0.018333794874394693,0.28672741844133026,0.0185039417253439
2021-04-01,9346.0,9754.0,160799.0,2418.0,151045.0,9260.0,1996.0,0.25527988517531264,0.015148108635626847,0.2947468159888686,0.01526401321294545
2021-05-01,9954.0,9260.0,160806.0,1996.0,151546.0,9481.0,2021.0,0.1943844492440605,0.014771566193333566,0.21614863444241858,0.014881752203516068
2021-06-01,10319.0,9481.0,161202.0,2021.0,151721.0,8731.0,2247.0,0.31610589600253136,0.01759027363000575,0.3799521920623924,0.017746821017347373
2021-07-01,10983.0,8731.0,161543.0,2247.0,152812.0,8269.0,2070.0,0.29000114534417587,0.015843351655508167,0.3424919221088882,0.015970199128093564
2021-08-01,10872.0,8269.0,161527.0,2070.0,153258.0,7610.0,2265.0,0.35360986818236784,0.017953217565915357,0.43635203826302105,0.01811633180917468
2021-09-01,10834.0,7610.0,161454.0,2265.0,153844.0,7267.0,2072.0,0.3173455978975033,0.016008264724843204,0.3817665473224037,0.016137781075769367
2021-10-01,11238.0,7267.0,161736.0,2072.0,154469.0,6729.0,1981.0,0.34663547543690654,0.015513311793740702,0.4256200748870772,0.015634902369425475
2021-11-01,11199.0,6729.0,162243.0,1981.0,155514.0,6413.0,1999.0,0.3440332887501858,0.015524645625132954,0.42164523637163637,0.015646414862959906
2021-12-01,11520.0,6413.0,162466.0,1999.0,156053.0,6533.0,2459.0,0.364727896460315,0.01927198168464245,0.45370186236211185,0.019460107281193326
2022-01-01,11210.0,6533.0,163614.0,2459.0,157081.0,6323.0,2107.0,0.3546609520893923,0.016304799745146308,0.43797944461955207,0.0164391857526959
2022-02-01,11698.0,6323.0,163978.0,2107.0,157655.0,6033.0,2284.0,0.4070852443460383,0.018189711505721178,0.5227046413227012,0.018357178197081325
2022-03-01,12301.0,6033.0,164271.0,2284.0,158238.0,5995.0,2288.0,0.38554616277142384,0.017912227605686264,0.4870214752900295,0.018074593364999073
2022-04-01,11861.0,5995.0,163847.0,2288.0,157852.0,5979.0,2027.0,0.3407839866555463,0.015478566060817158,0.41670400859385626,0.015599609744132199
2022-05-01,11535.0,5979.0,164372.0,2027.0,158393.0,5975.0,2278.0,0.3816691754473992,0.01777380555203078,0.4807316499442724,0.01793365657360912
2022-06-01,11283.0,5975.0,164059.0,2278.0,158084.0,5770.0,2088.0,0.38376569037656905,0.016344372509449305,0.4841280150066883,0.016479415246846353
2022-07-01,11576.0,5770.0,164076.0,2088.0,158306.0,5909.0,2175.0,0.3528596187175044,0.016682505126562837,0.4351920354004774,0.016823225354467862
2022-08-01,10092.0,5909.0,164653.0,2175.0,158744.0,5747.0,2187.0,0.39752919275681164,0.017194570524674244,0.5067160674995984,0.017344113853704525
2022-09-01,10800.0,5747.0,164561.0,2187.0,158814.0,5949.0,2212.0,0.3497476944492779,0.01688013772820683,0.4303948290222576,0.017024231098781352
2022-10-01,10447.0,5949.0,164620.0,2212.0,158671.0,5918.0,2240.0,0.38174483106404433,0.017447509854264534,0.4808540120236392,0.017601511581071733
2022-11-01,10632.0,5918.0,164402.0,2240.0,158484.0,5781.0,2245.0,0.402500844880027,0.017734554365272263,0.5150024092026209,0.017893695918177584
2022-12-01,10902.0,5781.0,164983.0,2245.0,159202.0,5770.0,1932.0,0.33610102058467395,0.014586854233023331,0.4096252805148309,0.01469428842241475
2023-01-01,10318.0,5770.0,165943.0,1932.0,160173.0,5987.0,2251.0,0.35251299826689775,0.017060595415091296,0.43465656015341203,0.01720780408707661
2023-02-01,9857.0,5987.0,166443.0,2251.0,160456.0,5859.0,2256.0,0.3981960915316519,0.017555119109703147,0.5078236201772588,0.017711037687449624
2023-03-01,9655.0,5859.0,166707.0,2256.0,160848.0,5747.0,1881.0,0.3401604369346305,0.014090844232508578,0.41575855977651244,0.014191062734158738
2023-04-01,9966.0,5747.0,166674.0,1881.0,160927.0,6084.0,2074.0,0.30224464938228646,0.015182200572904345,0.35988673820712674,0.01529863012098875
2023-05-01,9368.0,6084.0,166896.0,2074.0,160812.0,5985.0,2105.0,0.3622616699539777,0.0159852388230493,0.44982722076186443,0.016114380846312337
2023-06-01,9180.0,5985.0,166958.0,2105.0,160973.0,5923.0,1999.0,0.3443609022556391,0.0150011335753369,0.4221447973068198,0.015114788648615868
2023-07-01,8657.0,5923.0,167169.0,1999.0,161246.0,6275.0,2179.0,0.30845855140975853,0.015977750382381584,0.3688321895576214,0.016106770785498766
2023-08-01,9254.0,6275.0,167760.0,2179.0,161485.0,6274.0,2089.0,0.33306772908366533,0.015520949770032922,0.4050667810764089,0.015642660733264074
2023-09-01,9259.0,6274.0,167725.0,2089.0,161451.0,6463.0,2293.0,0.33535224737009883,0.01706361180058684,0.4084980739577763,0.017210872831812787
2023-10-01,8580.0,6463.0,167661.0,2293.0,161198.0,6226.0,2061.0,0.35556243230697815,0.01555001987541131,0.43937733066195234,0.0156721895836516
2023-11-01,8602.0,6226.0,168090.0,2061.0,161864.0,6329.0,2221.0,0.34018631545133315,0.016533657804326835,0.4157977799531047,0.016671864213792645
2023-12-01,8520.0,6329.0,167388.0,2221.0,161059.0,6175.0,2135.0,0.36166851003318057,0.016182331662747924,0.44889755382010954,0.016314695504615152
2024-01-01,8378.0,6175.0,167308.0,2135.0,161133.0,6486.0,2317.0,0.3248582995951417,0.017168011145975885,0.39283268361538104,0.01731709017329194
2024-02-01,8440.0,6486.0,167569.0,2317.0,161083.0,6521.0,2186.0,0.33163737280296024,0.016268218292828256,0.40292439765262106,0.016401998652328102
2024-03-01,8206.0,6521.0,167983.0,2186.0,161462.0,6486.0,2287.0,0.3560803557736544,0.017232379385233105,0.44018133670900905,0.017382584935267016
2024-04-01,7529.0,6486.0,167923.0,2287.0,161437.0,6627.0,2302.0,0.33317915510329943,0.017109736197225896,0.4052338675012836,0.017257799041303888
2024-05-01,7782.0,6627.0,167807.0,2302.0,161180.0,6881.0,2155.0,0.2868567979477894,0.015608905505723355,0.3380730343413738,0.01573200713935858
2024-06-01,7416.0,6881.0,168034.0,2155.0,161153.0,7098.0,2353.0,0.3104199970934457,0.017283622311990324,0.37167255815845157,0.017434727742649907
2024-07-01,7426.0,7098.0,168395.0,2353.0,161297.0,7063.0,2443.0,0.34911242603550297,0.0183488848006137,0.42941834913065724,0.018519313592197096
2024-08-01,7520.0,7063.0,168492.0,2443.0,161429.0,6849.0,2165.0,0.3368257114540564,0.016127556698624194,0.4107174446913143,0.016259021123965586
2024-09-01,6943.0,6849.0,168662.0,2165.0,161813.0,6951.0,2118.0,0.2943495400788436,0.015348025284793685,0.34863526335282113,0.015467025406317171
2024-10-01,7379.0,6951.0,168395.0,2118.0,161444.0,7089.0,2192.0,0.29549705078405986,0.0159312876508953,0.35026276139816853,0.01605955474478438
2024-11-01,7566.0,7089.0,168248.0,2192.0,161159.0,6920.0,2175.0,0.33065312455917617,0.016169184047166836,0.40145285481098925,0.01630133171968481
2024-12-01,7295.0,6920.0,168506.0,2175.0,161586.0,6865.0,2292.0,0.3391618497109826,0.017081010766343746,0.41424632495366,0.017228573997378774
2025-01-01,7431.0,6865.0,170696.0,2292.0,163831.0,7104.0,2334.0,0.30517115804806993,0.016811595004261114,0.36408973431968455,0.01695451392867686
2025-02-01,7242.0,7104.0,170441.0,2334.0,163337.0,7132.0,2362.0,0.32854729729729726,0.01730339103699097,0.398311700789619,0.017454844354410977
2025-03-01,6952.0,7132.0,170641.0,2362.0,163509.0,7155.0,2194.0,0.3044026920919798,0.01582713249704212,0.3629843666819821,0.01595371900285454
2025-04-01,7098.0,7155.0,171054.0,2194.0,163899.0,7248.0,2456.0,0.33025856044723967,0.01794869297554691,0.400863552195266,0.01811172451344669
2025-05-01,7310.0,7248.0,170492.0,2456.0,163244.0,7054.0,2254.0,0.3377483443708609,0.01661307039612494,0.4121096508268329,0.016752615119800595
2025-06-01,7204.0,7054.0,170380.0,2254.0,163326.0,7272.0,2304.0,0.2957187411397788,0.01655449268151966,0.35057748718268256,0.016693049583333994
2025-07-01,7089.0,7272.0,170412.0,2304.0,163140.0,7380.0,2475.0,0.32549504950495045,0.018120004664555656,0.39377626385785125,0.01828618243795494
2025-08-01,6919.0,7380.0,170750.0,2475.0,163370.0,7605.0,2232.0,0.27195121951219514,0.015812330350220085,0.31738722686569676,0.015938678926056694
2025-09-01,7169.0,7605.0,171261.0,2232.0,163656.0,7781.0,2540.0,0.3108481262327416,0.01837651192895308,0.37229360589122695,0.01854745751897655
2025-11-01,6846.0,7781.0,171541.0,2540.0,163760.0,7503.0,2289.0,0.3299061817247141,0.016738906757004922,0.4003375491234831,0.01688058551367876
