observation_date,NROU
1949-01-01,5.25505256652832
1949-04-01,5.2615156173706055
1949-07-01,5.268013
1949-10-01,5.274564
1950-01-01,5.281182
1950-04-01,5.287866
1950-07-01,5.294604
1950-10-01,5.301367
1951-01-01,5.308113
1951-04-01,5.314789
1951-07-01,5.321333408355713
1951-10-01,5.327682495117188
1952-01-01,5.333774
1952-04-01,5.339555
1952-07-01,5.344985485076904
1952-10-01,5.350040435791016
1953-01-01,5.354713
1953-04-01,5.359011650085449
1953-07-01,5.362958
1953-10-01,5.36658239364624
1954-01-01,5.369922
1954-04-01,5.37301445007324
1954-07-01,5.375902
1954-10-01,5.378624
1955-01-01,5.38122
1955-04-01,5.383725
1955-07-01,5.386171
1955-10-01,5.388586
1956-01-01,5.39099645614624
1956-04-01,5.39343
1956-07-01,5.395917
1956-10-01,5.398493
1957-01-01,5.401198387145996
1957-04-01,5.404080390930176
1957-07-01,5.407184600830078
1957-10-01,5.410558
1958-01-01,5.41424036026001
1958-04-01,5.418266
1958-07-01,5.422658443450928
1958-10-01,5.427429
1959-01-01,5.432576656341553
1959-04-01,5.4380855560302725
1959-07-01,5.443927
1959-10-01,5.450064
1960-01-01,5.4564523696899405
1960-04-01,5.463051
1960-07-01,5.469829559326172
1960-10-01,5.47677
1961-01-01,5.483875
1961-04-01,5.491165
1961-07-01,5.498675346374512
1961-10-01,5.506455421447754
1962-01-01,5.514559
1962-04-01,5.523042
1962-07-01,5.5319504737854
1962-10-01,5.541324
1963-01-01,5.551188
1963-04-01,5.561552
1963-07-01,5.572411
1963-10-01,5.583747386932373
1964-01-01,5.59552764892578
1964-04-01,5.607706
1964-07-01,5.620222568511962
1964-10-01,5.633007
1965-01-01,5.645977
1965-04-01,5.659044
1965-07-01,5.672116
1965-10-01,5.685105
1966-01-01,5.69793
1966-04-01,5.710529
1966-07-01,5.722861
1966-10-01,5.734915
1967-01-01,5.746704
1967-04-01,5.75827
1967-07-01,5.769672
1967-10-01,5.780984
1968-01-01,5.792286
1968-04-01,5.803658485412599
1968-07-01,5.8151755332946795
1968-10-01,5.826905
1969-01-01,5.838901
1969-04-01,5.85120964050293
1969-07-01,5.863864
1969-10-01,5.876888
1970-01-01,5.890298366546631
1970-04-01,5.9041
1970-07-01,5.918292
1970-10-01,5.932861
1971-01-01,5.947782
1971-04-01,5.963016
1971-07-01,5.9785056114196795
1971-10-01,5.994177
1972-01-01,6.00994
1972-04-01,6.0256905555725115
1972-07-01,6.041317
1972-10-01,6.056706
1973-01-01,6.0717453956604
1973-04-01,6.086335
1973-07-01,6.100386619567871
1973-10-01,6.11383056640625
1974-01-01,6.126616477966309
1974-04-01,6.138715
1974-07-01,6.1501145362854
1974-10-01,6.1608195304870605
1975-01-01,6.170844
1975-04-01,6.180209
1975-07-01,6.188934
1975-10-01,6.19703245162964
1976-01-01,6.204509
1976-04-01,6.211358
1976-07-01,6.217563
1976-10-01,6.223099
1977-01-01,6.227931
1977-04-01,6.232016563415527
1977-07-01,6.235309
1977-10-01,6.237757
1978-01-01,6.239311
1978-04-01,6.239927
1978-07-01,6.239574432373047
1978-10-01,6.238234519958496
1979-01-01,6.235909461975098
1979-04-01,6.232617
1979-07-01,6.2283935546875
1979-10-01,6.22329
1980-01-01,6.22320640721058
1980-04-01,6.214445920687717
1980-07-01,6.2056821483064715
1980-10-01,6.196909429829753
1981-01-01,6.188120345103287
1981-04-01,6.17930610228008
1981-07-01,6.170456780353049
1981-10-01,6.161561483332004
1982-01-01,6.152608442404458
1982-04-01,6.1435850852786045
1982-07-01,6.13447808484682
1982-10-01,6.125273394360952
1983-01-01,6.115956273183003
1983-04-01,6.10651130516273
1983-07-01,6.096922410327377
1983-10-01,6.087172849586956
1984-01-01,6.077245221451282
1984-04-01,6.067121449278656
1984-07-01,6.05678275733291
1984-10-01,6.04620963394339
1985-01-01,6.035381780382186
1985-04-01,6.024278237998456
1985-07-01,6.012878079880752
1985-10-01,6.00116223674976
1986-01-01,5.989116414842148
1986-04-01,5.976734424943743
1986-07-01,5.96401752308534
1986-10-01,5.9509733113858925
1987-01-01,5.93761432694183
1987-04-01,5.9239565541955255
1987-07-01,5.910018036177342
1987-10-01,5.8958176859450795
1988-01-01,5.881374336705857
1988-04-01,5.866706042791119
1988-07-01,5.8518296238788325
1988-10-01,5.8367604319052795
1989-01-01,5.821512311844543
1989-04-01,5.806097722352712
1989-07-01,5.790527979192876
1989-10-01,5.7748135828401885
1990-01-01,5.758964591342092
1990-04-01,5.742991000135081
1990-07-01,5.726903091933299
1990-10-01,5.710711721892166
1991-01-01,5.694428505931164
1991-04-01,5.678065883314299
1991-07-01,5.661637028291996
1991-10-01,5.645155589773301
1992-01-01,5.6286352426023205
1992-04-01,5.612089039046045
1992-07-01,5.595528554558459
1992-10-01,5.578962827771389
1993-01-01,5.55200824023352
1993-04-01,5.5325457029884095
1993-07-01,5.5128995105853695
1993-10-01,5.49312813937566
1994-01-01,5.47329460823613
1994-04-01,5.45346531882121
1994-07-01,5.433708845509488
1994-10-01,5.414094702789551
1995-01-01,5.39469211786714
1995-04-01,5.37556883567923
1995-07-01,5.3567899822909295
1995-10-01,5.338417010860328
1996-01-01,5.320506752031688
1996-04-01,5.3031105878163
1996-07-01,5.28627376481136
1996-10-01,5.2700348590681685
1997-01-01,5.25442540113615
1997-04-01,5.23946966586832
1997-07-01,5.22518462756924
1997-10-01,5.21158007709276
1998-01-01,5.198658893645431
1998-04-01,5.1864174604119695
1998-07-01,5.17484620977586
1998-10-01,5.16393028093661
1999-01-01,5.1536502701945
1999-04-01,5.1439830521394
1999-07-01,5.13490264848964
1999-10-01,5.12638112041102
2000-01-01,5.118389459825649
2000-04-01,5.11089845549919
2000-07-01,5.10387951056623
2000-10-01,5.0973053895934894
2001-01-01,5.09115087525391
2001-04-01,5.0853933171443
2001-07-01,5.08001305816486
2001-10-01,5.0749937271223695
2002-01-01,5.07032238974232
2002-04-01,5.0659895539952
2002-07-01,5.06198902947023
2002-10-01,5.05831764437482
2003-01-01,5.0549748275089
2003-04-01,5.05196206617004
2003-07-01,5.04928225430245
2003-10-01,5.0469389482292
2004-01-01,5.044935549930528
2004-04-01,5.04327443998783
2004-07-01,5.04195608394937
2004-10-01,5.04097813694991
2005-01-01,5.04033457190233
2005-04-01,5.04001485646218
2005-07-01,5.04000320324226
2005-10-01,5.040277916439569
2006-01-01,5.04081085615472
2006-04-01,5.04156703927619
2006-07-01,5.04250439291843
2006-10-01,5.0435736731073915
2007-01-01,5.04471855777112
2007-04-01,5.04587591919752
2007-07-01,5.04697627705214
2007-10-01,5.04794442889684
2008-01-01,5.04870025100836
2008-04-01,5.0491596582576
2008-07-01,5.04923570796679
2008-10-01,5.048839829099929
2009-01-01,5.04788315494425
2009-04-01,5.0462779346793685
2009-07-01,5.04393899697215
2009-10-01,5.0407852370313915
2010-01-01,5.03674109744988
2010-04-01,5.03173801268021
2010-07-01,5.02571578715021
2010-10-01,5.01862387782517
2011-01-01,5.01042255345427
2011-04-01,5.0010839047711295
2011-07-01,4.99059268251338
2011-10-01,4.9789469432321685
2012-01-01,4.96615848641526
2012-04-01,4.95225307037503
2012-07-01,4.93727039857332
2012-10-01,4.9212638724813695
2013-01-01,4.90430011161269
2013-04-01,4.8864582459249695
2013-07-01,4.8678289902689
2013-10-01,4.8485135148732486
2014-01-01,4.828622129906528
2014-04-01,4.80827280586174
2014-07-01,4.78758955479478
2014-10-01,4.76670070024014
2015-01-01,4.74573706587286
2015-04-01,4.72483011463568
2015-07-01,4.704110071072569
2015-10-01,4.6837040599828095
2016-01-01,4.66373429422766
2016-04-01,4.64431634359108
2016-07-01,4.62555751503731
2016-10-01,4.60755537255564
2017-01-01,4.59039642208179
2017-04-01,4.5741549837936315
2017-07-01,4.55889227046308
2017-10-01,4.54465568658274
2018-01-01,4.53147835875611
2018-04-01,4.51937890343318
2018-07-01,4.50836143357856
2018-10-01,4.49841580136913
2019-01-01,4.4895180696244
2019-04-01,4.481631200462391
2019-07-01,4.47470594573225
2019-10-01,4.46868192017881
2020-01-01,4.463488835113432
2020-04-01,4.45904786766102
2020-07-01,4.455273138473752
2020-10-01,4.4520732691872
2021-01-01,4.45285298986988
2021-04-01,4.44978976629628
2021-07-01,4.447010417057349
2021-10-01,4.44441769129896
2022-01-01,4.441916779223741
2022-04-01,4.44046672936978
2022-07-01,4.4389317490436095
2022-10-01,4.43723236707892
2023-01-01,4.43529644125222
2023-04-01,4.43350999614073
2023-07-01,4.4313678808796295
2023-10-01,4.42882424008579
2024-01-01,4.42567965718569
2024-04-01,4.42215707526542
2024-07-01,4.418184956226237
2024-10-01,4.413737266101202
2025-01-01,4.40904868088454
2025-04-01,4.40690622022857
2025-07-01,4.40419970826884
2025-10-01,4.40184121264107
2026-01-01,4.399090564203688
2026-04-01,4.39593247642493
2026-07-01,4.392371965120071
2026-10-01,4.38842541458118
2027-01-01,4.38411542659685
2027-04-01,4.37946917187614
2027-07-01,4.37449561042923
2027-10-01,4.36920013450107
2028-01-01,4.36360199819928
2028-04-01,4.3577544546865
2028-07-01,4.35167462742477
2028-10-01,4.345370175274288
2029-01-01,4.338867664081231
2029-04-01,4.3322425547427
2029-07-01,4.32551507257566
2029-10-01,4.31868788792528
2030-01-01,4.31178425098474
2030-04-01,4.30488654589538
2030-07-01,4.2982624005787
2030-10-01,4.29184592443572
2031-01-01,4.285665306740009
2031-04-01,4.27972946305059
2031-07-01,4.274041360943049
2031-10-01,4.26854561767537
2032-01-01,4.26319846895158
2032-04-01,4.25801026226064
2032-07-01,4.25293161471931
2032-10-01,4.24789489624584
2033-01-01,4.24285418614103
2033-04-01,4.23782441789617
2033-07-01,4.2327705864460485
2033-10-01,4.227645862873271
2034-01-01,4.22242958769924
2034-04-01,4.21716562825119
2034-07-01,4.21185001241668
2034-10-01,4.20646775559397
2035-01-01,4.201029887304631
2035-04-01,4.19561084087726
2035-07-01,4.1902265934124
2035-10-01,4.18486826158714
2036-01-01,4.1795350832857
2036-04-01,4.17426689512611
2036-07-01,4.16905982489528
2036-10-01,4.16389489162988
